id,page
000c85b2a120712454f4c5b74e4fdfae,6
0011bb96f23642524fa9021aed17a260,9
0011bb96f23642524fa9021aed17a260,9
0011bb96f23642524fa9021aed17a260,21
0011bb96f23642524fa9021aed17a260,29
0011bb96f23642524fa9021aed17a260,36
0011bb96f23642524fa9021aed17a260,37
0011bb96f23642524fa9021aed17a260,37
0011bb96f23642524fa9021aed17a260,37
0011bb96f23642524fa9021aed17a260,37
0011bb96f23642524fa9021aed17a260,38
0011bb96f23642524fa9021aed17a260,38
0011bb96f23642524fa9021aed17a260,39
0011bb96f23642524fa9021aed17a260,39
0011bb96f23642524fa9021aed17a260,39
0011bb96f23642524fa9021aed17a260,40
0011bb96f23642524fa9021aed17a260,40
0011bb96f23642524fa9021aed17a260,40
0011bb96f23642524fa9021aed17a260,41
0011bb96f23642524fa9021aed17a260,41
001aaabefb0ddaa8b98a42d87440a82f,1
001aaabefb0ddaa8b98a42d87440a82f,159
001aaabefb0ddaa8b98a42d87440a82f,163
003cdf3fa19a0970e007201c1a0f5da0,1
003cdf3fa19a0970e007201c1a0f5da0,1
003cdf3fa19a0970e007201c1a0f5da0,2
003cdf3fa19a0970e007201c1a0f5da0,5
003cdf3fa19a0970e007201c1a0f5da0,6
003cdf3fa19a0970e007201c1a0f5da0,17
003cdf3fa19a0970e007201c1a0f5da0,27
003cdf3fa19a0970e007201c1a0f5da0,36
003cdf3fa19a0970e007201c1a0f5da0,37
003cdf3fa19a0970e007201c1a0f5da0,37
003cdf3fa19a0970e007201c1a0f5da0,38
