unitId,总数,标题,经度,维度,地址,信息,原价,现价,城市,区域,整套,布局,评分,点评
16941506,729,幸福之家精品民宿香缇苑店,87.62523040538879,43.96526842225072,香缇苑,,355,355,乌鲁木齐,米东区,整套,3居3床6人,5.0,1
16604841,729,迷森]星品汇花田小镇森系电梯Loft美居,87.59039176564676,43.877566548874924, 长春南路东2巷(蓝调一品C区),近铁路局地铁站,320,305,乌鲁木齐,新市区,整套,2居2床4人,5.0,2
14908300,729,新市区美居商圈主题电梯公寓[轻奢],87.59574653025238,43.87863674570927, 长春南路东三巷(长春路蓝调一品C区),近铁路局地铁站,408,388,乌鲁木齐,新市区,整套,3居3床6人,4.8,2
18434606,729,【茶韵】小西沟&美居&花田小镇&大3居,87.58266136485261,43.866782353521295, 苏州东街568,近小西沟地铁站,497,398,乌鲁木齐,新市区,整套,3居3床5人,4.9,3
15709492,729,惬意舒适精致美宿|万达|高铁|机场|两居,87.50342530969412,43.86339564703352, 黄山街,近大地窝堡地铁站,498,449,乌鲁木齐,新市区,整套,2居2床4人,5.0,21
18214274,729,近植物园、天津路美居商圈温馨小美四人套房,87.56937199999997,43.90212413617268,中海·天悦府,近植物园地铁站,458,367,乌鲁木齐,新市区,整套,2居2床4人,5.0,3
14663202,729,新市区美居商圈主题公寓[绿野仙踪],87.59600703885029,43.87848729154221, 长春南路东三巷(蓝调一品C区),近铁路局地铁站,458,436,乌鲁木齐,新市区,整套,4居4床7人,4.1,10
16620710,729,卡门玫瑰]美居物流园电梯阳光现代主题三居,87.59313596615785,43.87766208005464, 长春南路东二巷(蓝调一品C区就是蓝调晶典),近铁路局地铁站,410,370,乌鲁木齐,新市区,整套,3居3床5人,0.0,0
18299058,729,【爱吾及屋】苏州路美居旁超大复式美宅,87.58272787081374,43.86674809946648,金邦公寓大厦,近小西沟地铁站,426,342,乌鲁木齐,高新区,整套,3居3床5人,4.9,2
14986273,729,白色恋人/高铁站万达广场/飞机场/投影房,87.52491514079063,43.846976526081995, 玄武湖路,近中营工地铁站,438,373,乌鲁木齐,沙依巴克区,整套,1居1床2人,5.0,4
14925464,729,新市区美居商圈主题风格公寓[北欧风],87.59437212282212,43.87746059618994, 长春南路东三巷(长春路蓝调一品C区蓝调经典),近铁路局地铁站,372,354,乌鲁木齐,新市区,整套,2居2床4人,4.0,5
3539356,729,[尚品]会展中心澳龙广场花田小镇电梯美居,87.59059025662512,43.877213666802,友好时尚购物中心(长春南路)(长春南路408号),近铁路局地铁站,450,406,乌鲁木齐,新市区,整套,3居4床8人,4.9,10
13647173,729,【柒-05爱丽丝粉】万达/高铁站/飞机场,87.52411564888675,43.84715206565263, 玄武湖路,近中营工地铁站,328,296,乌鲁木齐,沙依巴克区,整套,1居1床2人,5.0,30
3123451,729,【路客】限时长租丨『民谣』汇嘉时代植物园,87.55281247212726,43.88172942899681,新市区 太原南路和兴润园2期,近体育中心地铁站,355,341,乌鲁木齐,新市区,整套,1居1床2人,4.9,12
1130111,729,友好市中心主题公寓【泰爱筑】,87.60322941515051,43.835337742178766,汇珉园(沙依巴克区巴州路汇珉园小区),近八楼地铁站,188,179,乌鲁木齐,沙依巴克区,整套,1居2床2人,4.5,24
17294544,729,新市区—森林小屋（红光山，铁路局...）,87.60117518119445,43.884411257889084,二工街道 鲤鱼山北路1号-b座-1号,近铁路局地铁站,372,335,乌鲁木齐,新市区,整套,1居1床2人,5.0,6
13072095,729,【栀子花】花田小镇/美居/友好百尚2居,87.593177,43.877591,蓝调一品小区,近铁路局地铁站,1399,1260,乌鲁木齐,新市区,整套,2居2床4人,4.7,17
14469414,729,万达广场&琦遇🔜舒途逸家&简约风情公寓,87.52443750218137,43.84517002842012,乌鲁木齐经开万达广场16号公寓(本房屋坐落于乌鲁木齐经开区万达广场、三层万达购物、吃喝娱乐通通都有让您不出大门就可从负一层直达商场、享受您的美丽精彩休闲幸福生活、交通便利周边还有宝能城、太百奥特莱维泰大厦、乌鲁木齐高铁火车站、长途汽车站、不到一公里到达、大小绿谷、软件园、休闲散步尽享每一刻、房间配备空调、液晶电视、全自动洗衣机、美的热水器、豪华双人床、总裁办公桌、让您睡得舒服、吃的兹有、玩的开心、不辜负每次一次出行感动每一刻！),近中营工地铁站,369,369,乌鲁木齐,高新区,整套,1居1床2人,5.0,33
1130126,729,友好市中心高层大床房【中国风】,87.60404687316458,43.83887513400432,中石华府(西南门)(乌市沙区西八家户400号中石华府石华府),近八楼地铁站,368,332,乌鲁木齐,沙依巴克区,整套,1居1床2人,5.0,2
18125885,729,高品质阳光三室六人套房/临近新华凌市场/,87.62521299999997,43.96544414189443,香缇苑,,428,343,乌鲁木齐,米东区,整套,3居3床6人,0.0,0
14759312,729,【懒宅】经开万达&高铁站&飞机场&铁路局,87.52779999999997,43.84217312925295,宝能城二号公寓楼,近中营工地铁站,320,225,乌鲁木齐,沙依巴克区,整套,1居1床2人,4.9,13
17072238,729,花田小镇&美居&阳光房 大两居室,87.58551999999997,43.87240813291149,美林阁小区,近小西沟地铁站,318,318,乌鲁木齐,新市区,整套,2居2床4人,5.0,4
1130124,729,友好市中心高层电梯房【美式乡村】,87.60404687316458,43.83887513400432,中石华府(西南门)(西八家户路中石华府),近八楼地铁站,368,350,乌鲁木齐,沙依巴克区,整套,1居1床2人,4.6,6
15688240,729,近高铁/机场/地铁口/阳光大床智能房,87.58039448908687,43.84979809911605,百信钻石苑(西北门)(北京南路小西沟百信钻石苑（家乐福）),近新疆图书馆地铁站,223,223,乌鲁木齐,新市区,,2居1床2人,2.3,3
16906009,729,南湖广场2020旁精装单身公寓,87.63571214239131,43.83410870918998,聚博源小区(加油站旁边),近八楼地铁站,173,148,乌鲁木齐,水磨沟区,整套,1居2床3人,4.0,7
15159061,729,【浅相遇】经开万达&高铁站&温馨大床房,87.52400990743577,43.83625634665611, 玄武湖路,近新疆图书馆地铁站,362,272,乌鲁木齐,沙依巴克区,整套,1居1床2人,4.9,9
219891,729,友好市中心主题电梯大床公寓【现代简约】,87.60471999999997,43.83917112887196,中石华府(新疆师范大学东侧百草苑旁中石华府),近八楼地铁站,252,240,乌鲁木齐,沙依巴克区,整套,1居1床2人,4.6,24
16927975,729,晟和苑139平/3居/近红光山/阳光公寓,87.60763799999997,43.874836133190755,晟和苑,近小西沟地铁站,798,719,乌鲁木齐,水磨沟区,整套,3居5床6人,5.0,10
18198832,729,白日梦公寓温馨舒适整洁万达飞机场高铁站,87.52483761946641,43.84757805481617,万达广场(乌鲁木齐经开店)(万达公寓),近中营工地铁站,371,335,乌鲁木齐,开发区,整套,1居1床2人,5.0,13
18186981,729,颐·艳域/高铁/万达/飞机场,87.527872,43.842291,宝能城二号公寓楼,近中营工地铁站,428,343,乌鲁木齐,开发区,整套,1居1床2人,5.0,1
219889,729,友好市中心主题公寓【The blues】,87.603428,43.835393,汇珉园,近八楼地铁站,252,240,乌鲁木齐,沙依巴克区,整套,1居1床2人,4.6,13
11962504,729,【小公主】高铁近机场万达/投影/精致甜美,87.52328022476247,43.836248120550515,玄武湖路(万达广场),近新疆图书馆地铁站,416,375,乌鲁木齐,沙依巴克区,整套,1居1床2人,5.0,4
12363492,729,长租友好路三居/两套/出门地铁BRT,87.59459669919961,43.835331239425805,万邦房产(巴州大酒店对面宏运小区),近八楼地铁站,520,442,乌鲁木齐,沙依巴克区,整套,3居3床6人,4.7,22
12587737,729,【柒-03米兰舒适】万达&高铁站&飞机场,87.52481632718452,43.847561655960995,乌鲁木齐经开万达广场17号公寓,近中营工地铁站,268,242,乌鲁木齐,开发区,整套,1居1床2人,5.0,82
252280,729,友好市中心主题公寓【韩式家】,87.602835,43.839453,友好北路西八家户路,近八楼地铁站,368,350,乌鲁木齐,沙依巴克区,整套,1居1床2人,4.8,6
15546651,729,客念·一梦金/轻奢/高铁/飞机场/万达,87.52697971440381,43.84340811427617,宝能城1号公寓楼(7号楼),近中营工地铁站,296,296,乌鲁木齐,开发区,整套,1居1床2人,5.0,7
11882816,729,[都市驿家②]高铁站/机场/万达广场,87.52340499999994,43.84608125948847,万达广场-公交车站,近中营工地铁站,285,271,乌鲁木齐,开发区,整套,1居1床2人,5.0,5
14594035,729,照相思&投影巨幕&高铁站万达广场&飞机场,87.52467259830293,43.847093552520214,万达广场(乌鲁木齐经开店),近中营工地铁站,473,427,乌鲁木齐,开发区,整套,1居1床2人,4.9,2
252312,729,友好市中心主题电梯大床公寓【中国风】,87.60466670396647,43.83933680007776, 西八家户路384号(新疆师范大学东侧旁中石华府小区),近八楼地铁站,368,332,乌鲁木齐,沙依巴克区,整套,1居1床2人,5.0,5
14015828,729,劳动街家乐福1号线南湖广场站双人大套,87.62694468061392,43.82504299066929,军事部住宅小区(南湖广场站C口出),近八楼地铁站,429,429,乌鲁木齐,水磨沟区,整套,3居2床4人,4.4,12
13834556,729,市中心全新豪华170平6～9人【带麻将】,87.596666,43.825079,高地中心(高地中心),近八楼地铁站,705,635,乌鲁木齐,沙依巴克区,整套,4居5床6人,4.9,10
14799093,729,高层简约三居室,87.65169299741382,43.8802807166306,新疆地矿局地质小区,近国际博览中心地区,300,300,乌鲁木齐,水磨沟区,整套,3居3床3人,5.0,1
172137,729,友好市中心主题公寓【泰爱筑】,87.603348,43.835439,汇珉园小区,近八楼地铁站,188,179,乌鲁木齐,沙依巴克区,整套,1居1床2人,4.6,16
13648706,729,【柒-04摩卡小蓝】万达/高铁站/飞机场,87.52411564888675,43.84715206565263, 玄武湖路,近中营工地铁站,328,296,乌鲁木齐,沙依巴克区,整套,1居1床2人,5.0,26
12610501,729,【苏珊的家】高铁站/飞机场/预定请先沟通,87.52411564888675,43.84778270352204,万达广场(乌鲁木齐经开店),近中营工地铁站,475,452,乌鲁木齐,开发区,整套,1居1床2人,4.5,6
18187898,729,颐·织梦岛/高铁/万达/飞机场,87.527872,43.842291,宝能城二号公寓楼,近中营工地铁站,428,343,乌鲁木齐,开发区,整套,1居1床2人,0.0,0
308052,729,友好市中心主题电梯公寓【美式乡村】,87.604165,43.838761,新疆师范大学东侧百草苑旁中石华府,近八楼地铁站,368,350,乌鲁木齐,沙依巴克区,整套,1居1床2人,4.8,5
15481621,729,白日梦/万达广场近机场高铁无印良品风温馨,87.52483761946641,43.84757805481617,万达广场(乌鲁木齐经开店)(万达公寓),近中营工地铁站,360,324,乌鲁木齐,开发区,整套,1居1床2人,5.0,65
11835174,729,高铁站万达旁★胡杨驿站★温馨双卧大床,87.53343107702521,43.83708695681129,高铁明珠(高铁明珠小区8号楼),近新疆图书馆地铁站,458,390,乌鲁木齐,开发区,整套,2居2床4人,5.0,20
18187534,729,颐·提拉米苏/高铁/万达/飞机场,87.527872,43.842291,宝能城二号公寓楼,近中营工地铁站,368,350,乌鲁木齐,开发区,整套,1居1床2人,5.0,2
1130116,729,红山市中心主题公寓【印象蓝】,87.601783,43.812915,山园物业小区(红山路山园物业小区),近八楼地铁站,252,240,乌鲁木齐,沙依巴克区,整套,1居2床3人,4.8,13
16372742,729,南来北往，乌鲁木齐高铁站和万达广场之间/,87.52699983554456,43.84317028491485, 云台山街(宝能城一号公寓),近中营工地铁站,200,191,乌鲁木齐,沙依巴克区,整套,1居2床2人,5.0,7
14985979,729,春江水/万达广场/高铁站/飞机场投影套房,87.52411564888675,43.84777620213497,万达广场(乌鲁木齐经开店),近中营工地铁站,508,433,乌鲁木齐,开发区,整套,1居1床2人,5.0,2
18188136,729,颐·卡布奇诺/高铁/万达/飞机场,87.527872,43.842291,宝能城二号公寓楼,近中营工地铁站,368,350,乌鲁木齐,开发区,整套,1居1床2人,5.0,3
365107,729,友好市中心主题公寓【北方有佳人】,87.60277127934042,43.83941482779114,泰惠花园小区,近八楼地铁站,198,189,乌鲁木齐,沙依巴克区,整套,1居1床2人,4.7,13
12587611,729,【柒-02墨绿精灵】万达&高铁站&飞机场,87.52337903836855,43.8354222779024,玄武湖路,近新疆图书馆地铁站,328,296,乌鲁木齐,开发区,整套,1居1床2人,5.0,15
7688149,729,紫金城温馨公寓,87.47061257271245,43.794863802244905,新河湾国际社区(紫金城新河湾一期),,319,319,乌鲁木齐,沙依巴克区,整套,3居3床4人,4.7,20
6369036,729,素味依然/高铁/机场/万达/预定请先沟通,87.52492412384572,43.84768518264091,乌鲁木齐万达广场,近中营工地铁站,368,350,乌鲁木齐,开发区,整套,1居1床2人,5.0,38
1130128,729,友好市中心主题公寓【薰衣草】,87.6036606017953,43.836553744439286,汇珉园(北门)(巴州路汇珉园小区),近八楼地铁站,368,350,乌鲁木齐,沙依巴克区,整套,1居1床2人,3.9,4
20648216,729,玥心小清新两室套房/米东商圈、近新华凌,87.63143299999996,43.96190714162213,香缇印象,,398,319,乌鲁木齐,米东区,整套,2居2床4人,0.0,0
15516187,729,宽敞明亮整洁的家,87.48793190294484,43.78437328046699,九鼎农贸批发市场(西山九鼎农贸市场),,368,368,乌鲁木齐,沙依巴克区,整套,3居3床5人,4.9,6
9568035,729,3乌鲁木齐市中心，红山西大桥时代广场侧，,87.61649738753287,43.81090836967456,红山路68号(友好路商圈附近节日请闪定。),近八楼地铁站,308,294,乌鲁木齐,天山区,整套,2居2床4人,4.4,15
6328849,729,友好主题公寓电梯大床房[斑马],87.604401,43.839064,中石华府-西门(中石华府小区),近八楼地铁站,368,332,乌鲁木齐,沙依巴克区,整套,1居1床2人,4.4,8
16000293,729,【客念·翦柳章台】高铁站万达旁|小绿谷,87.52697971440381,43.84340811427617,宝能城1号公寓楼(7号楼),近中营工地铁站,301,301,乌鲁木齐,开发区,整套,1居1床2人,0.0,0
18925509,729,日本榻榻米巨幕投影仪近邻万达高铁站飞机场,87.52483761946641,43.84757805481617,万达广场(乌鲁木齐经开店)(万达公寓),近中营工地铁站,371,297,乌鲁木齐,开发区,整套,1居2床2人,5.0,3
11941854,729,[都市驿家①]高铁站/机场/万达广场,87.52413617167142,43.846097479093736,万达广场(公交站),近中营工地铁站,272,259,乌鲁木齐,开发区,整套,1居1床2人,4.9,17
171986,729,友好市中心主题公寓【隐居】,87.603423,43.83922,西八家户泰惠花园,近八楼地铁站,248,236,乌鲁木齐,沙依巴克区,整套,1居1床2人,4.7,20
14395249,729,机场高铁站附近万达广场一室一居,87.5241199999999,43.84778138986884,万达广场(乌鲁木齐经开店),近中营工地铁站,358,323,乌鲁木齐,开发区,整套,1居1床2人,5.0,9
13903597,729,无印良品极简舒适公寓,87.52499598828652,43.84832881748906,万达十八号公寓楼,近中营工地铁站,217,196,乌鲁木齐,沙依巴克区,整套,1居1床2人,4.9,2
13772109,729,【爱情里&婚纱】/高铁站/万达广场/机场,87.52411564888675,43.84778270352204,万达广场(乌鲁木齐经开店)(万达广场中间公寓),近中营工地铁站,371,354,乌鲁木齐,开发区,整套,1居1床2人,5.0,1
219222,729,友好市中心主题公寓【韩式小清新】,87.603423,43.83922,西八家户路,近八楼地铁站,248,236,乌鲁木齐,沙依巴克区,整套,1居1床2人,4.8,6
20170494,729,静雅两室套房/米东商圈/近新华凌,87.62506716609929,43.96517327746169,香缇苑,,338,338,乌鲁木齐,米东区,整套,2居2床4人,0.0,0
18187849,729,颐·拉菲庄园/高铁/万达/飞机场,87.527872,43.842291,宝能城二号公寓楼,近中营工地铁站,468,375,乌鲁木齐,开发区,整套,1居1床2人,5.0,1
19717272,729,清新而淡雅的公寓,87.52407707304025,43.84842458822732,西山街道 阿里山街(玄武湖路),近中营工地铁站,238,238,乌鲁木齐,沙依巴克区,整套,1居1床2人,5.0,1
1114554,729,友好市中心主题公寓【春暖花开】,87.60277127934042,43.83941482779114,泰惠花园小区,近八楼地铁站,210,200,乌鲁木齐,沙依巴克区,整套,1居1床2人,4.8,3
7680465,729,【蓝色之恋】万达/高铁站/飞机场/友好,87.52434920831934,43.84750964465025,乌鲁木齐万达广场,近中营工地铁站,373,355,乌鲁木齐,开发区,整套,1居1床2人,4.9,5
14657616,729,芷有一间·都市驿家精品公寓,87.48074399999996,43.78120812093801,紫金城,,468,468,乌鲁木齐,沙依巴克区,整套,2居2床4人,4.9,4
18234168,729,【美宿-01上海紫园】高铁/万达简约山景,87.53691931438054,43.815128410453305,上海紫园售楼中心,近友好路商业区,298,239,乌鲁木齐,沙依巴克区,整套,1居1床2人,5.0,2
10577596,729,友好市中心主题公寓〔地中海〕,87.60286110989139,43.83920025133211,西八家户路363号(临近师大友好),近八楼地铁站,368,350,乌鲁木齐,沙依巴克区,整套,1居1床2人,3.4,3
19924731,729,黑白灰套间/巨幕私人影院/万达高铁飞机场,87.52483761946641,43.84757805481617,万达广场(乌鲁木齐经开店)(万达公寓),近中营工地铁站,417,334,乌鲁木齐,开发区,整套,1居2床2人,5.0,4
17688868,729,万达波西米亚风情大床公寓,87.52411999999997,43.84778112995627,万达广场(乌鲁木齐经开店)(万达广场地下停车场可以直接上楼),近中营工地铁站,325,293,乌鲁木齐,新市区,整套,1居1床2人,5.0,5
22815577,729,经开万达&高铁站&机场简约大床房,87.52436054240621,43.81583002455151,西山街道 骑马山路西三巷(宝能城),,320,257,乌鲁木齐,沙依巴克区,整套,1居1床2人,0.0,0
252300,729,友好市中心主题电梯大床公寓【后现代】,87.604147,43.83878,新疆师范大学东侧百草苑旁中石华府,近八楼地铁站,368,350,乌鲁木齐,沙依巴克区,整套,1居1床2人,4.9,7
18201415,729,客念·暗黑天使/高铁/万达/飞机场,87.5278,43.842173,宝能城二号公寓楼(6号楼),近中营工地铁站,289,232,乌鲁木齐,开发区,整套,1居1床2人,0.0,0
10333247,729,高档小区新市区精装公寓,87.59653016565142,43.89544393914986,呈信铂晶湾(河北东路区政府旁),近体育中心地铁站,371,353,乌鲁木齐,新市区,整套,2居2床4人,4.7,9
14537685,729,荣和城温馨家园,87.56454837989084,43.83365350531772,荣和城四期-E区(此房是多层四期F区),近新疆图书馆地铁站,311,281,乌鲁木齐,沙依巴克区,整套,1居1床2人,3.9,4
1130115,729,友好市中心主题公寓【the blues】,87.6036606017953,43.836553744439286,汇珉园(北门)(沙依巴克区友好北路街道汇珉园),近八楼地铁站,252,240,乌鲁木齐,沙依巴克区,整套,1居1床2人,4.4,6
470285,729,【路客】限时长租丨『舒适小居』北欧风,87.5632474161767,43.83383283371289,西城街868荣和城四期,近新疆图书馆地铁站,361,344,乌鲁木齐,沙依巴克区,整套,1居1床2人,5.0,6
15383565,729,简约风格两室一厅一卫,87.48194020519328,43.51076623438243,南山丝路小区(二期),,308,263,乌鲁木齐,乌鲁木齐县,整套,2居2床4人,0.0,0
22765408,729,南山吕家小院,87.50998656072697,43.478951058396916,水西沟镇 X031(南湾路),,1417,992,乌鲁木齐,乌鲁木齐县,整套,4居4床8人,0.0,0
308069,729,友好市中心主题公寓【田园小碎花】,87.602835,43.839453,友好北路西八家户路,近八楼地铁站,368,368,乌鲁木齐,沙依巴克区,整套,1居1床2人,5.0,3
12584965,729,【柒-爱马仕橙】万达＆高铁站＆飞机场,87.52411564888675,43.84715206565263, 玄武湖路,近中营工地铁站,328,296,乌鲁木齐,沙依巴克区,整套,1居1床2人,5.0,27
15938259,729,简约风格两居公寓,87.57735399999997,43.811087125161094,盛世嘉园(老满城街),近八楼地铁站,400,400,乌鲁木齐,沙依巴克区,整套,2居2床4人,5.0,2
18147669,729,观心阁【聚会  团建  庆典】～独栋独院,87.3423884442182,43.684809902171565,亚洲大陆地理中心(景区门口民居观心阁民宿),,800,560,乌鲁木齐,沙依巴克区,整套,3居3床6人,0.0,0
1130118,729,友好市中心主题公寓【韩式小清新】,87.60328945473132,43.83983869968615,西八家户路泰惠小区,近八楼地铁站,207,197,乌鲁木齐,沙依巴克区,整套,1居1床2人,5.0,2
6696496,729,天山区幸福路周边北欧工业风品牌家具家电,87.688857,43.776924,香悦湾(由于香悦湾在乌鲁木齐重点发展新区范围，因建设需要，小区门口道路于2019年6月开始市政道路施工，造成不便，敬请谅解。),,449,405,乌鲁木齐,天山区,整套,3居3床5人,4.6,6
9187564,729,一号美式别墅,87.28453756937563,43.48223297955904,萨尔达坂乡村委会(绿茵农家乐),,1009,1009,乌鲁木齐,乌鲁木齐县,整套,3居4床6人,5.0,6
10817969,729,复式双层高铁站/万达广场/北欧风loft,87.52412,43.847781,万达广场(乌鲁木齐经开店),近中营工地铁站,392,353,乌鲁木齐,头屯河区,整套,1居2床4人,4.0,10
1130114,729,友好市中心高层大床房【28未成年】,87.60414977938763,43.838778202585374,中石华府,近八楼地铁站,207,187,乌鲁木齐,沙依巴克区,整套,1居1床2人,4.6,4
19936645,729,心与家一起升温的公寓,87.52379095536864,43.84908467124444,西山街道 阿里山街(玄武湖路),近小西沟地铁站,238,238,乌鲁木齐,沙依巴克区,整套,1居1床2人,0.0,0
18220581,729,客念·亲子时光/高铁/万达/飞机场,87.52779999999997,43.84217312925295,宝能城二号公寓楼(6号楼),近中营工地铁站,196,157,乌鲁木齐,开发区,整套,1居2床3人,0.0,0
10274958,729,新疆乌鲁木齐南山丝绸之路滑雪独院 ,87.44169611834627,43.47671180012348,香鸽南山(南苑三期，),,345,277,乌鲁木齐,乌鲁木齐县,整套,2居3床4人,5.0,1
1130117,729,友好市中心主题公寓【暖】,87.60404687316458,43.83887513400432,中石华府(西南门)(西八家户路中石华府小区),近八楼地铁站,215,205,乌鲁木齐,沙依巴克区,整套,1居1床2人,4.2,3
16960420,729,【柒马卡龙】万达&高铁站&飞机场～开发票,87.52434979326934,43.84753654865922,万达广场(乌鲁木齐经开店),近中营工地铁站,328,296,乌鲁木齐,头屯河区,整套,1居1床2人,5.0,18
19788847,729,【蔚蓝】近机场&近地铁&小西沟&美居商圈,87.572176,43.870446,新疆环科院(科学南路428号环科院小区),近小西沟地铁站,365,365,乌鲁木齐,新市区,整套,2居2床4人,5.0,1
16378069,729,吃游部落-电竞五黑超赞优惠,87.696948,43.791482, 大学路,,518,493,乌鲁木齐,天山区,整套,2居3床5人,5.0,3
308152,729,红山市中心主题公寓【映像蓝】,87.601787,43.812954,山园物业小区(西北路),近八楼地铁站,252,227,乌鲁木齐,沙依巴克区,整套,1居2床3人,4.7,12
10583560,729,距离高铁站15分钟   距离机场25分钟,87.47061257271245,43.794863802244905,新河湾国际社区(新河湾一期),,370,370,乌鲁木齐,沙依巴克区,整套,2居2床4人,4.3,6
19967081,729,豪华现代居室,87.4690233627329,43.79476406449758,紫金城新河湾售楼中心,,300,300,乌鲁木齐,沙依巴克区,整套,3居3床4人,0.0,0
11656436,729,【路客】限时长租丨『理想家』新市区,87.56840106100633,43.852524856918265,阿勒泰路汇珊园小区,近中营工地铁站,384,384,乌鲁木齐,新市区,整套,1居1床2人,0.0,0
1130122,729,友好市区主题公寓【韩式家】,87.6029628215029,43.83962310759953,西八家户路泰惠小区,近八楼地铁站,368,350,乌鲁木齐,沙依巴克区,整套,1居1床2人,5.0,3
5195640,729,【路客】【美食.甜蜜】*经开区万达广场丨,87.51911339020072,43.84555549566511,云台山街万达三期,近中营工地铁站,278,268,乌鲁木齐,开发区,整套,1居1床2人,5.0,3
12448346,729,绿洲/万达广场/高铁站/飞机场/情侣必备,87.52524497667225,43.84639410775491,万达广场(乌鲁木齐经开店),近中营工地铁站,373,337,乌鲁木齐,开发区,整套,1居1床2人,5.0,2
15918386,729,拎包入住,87.66045741674766,43.82176655920247,沿河路(公交站),近水磨沟,273,273,乌鲁木齐,水磨沟区,整套,1居1床2人,5.0,1
14796503,729,乌鲁木齐友好市中心主题电梯公寓[斑马],87.60437026314818,43.83902468819669,中石华府(西南门)(西八家户路师大旁边),近八楼地铁站,368,350,乌鲁木齐,沙依巴克区,整套,1居1床2人,0.0,0
15120603,729,鲤鱼山下地铁畔精装三居万元吉品大床,87.59245873208587,43.865138862348346,新洲城市花园(苏州东路),近小西沟地铁站,672,672,乌鲁木齐,新市区,整套,3居3床5人,0.0,0
7353978,729,朴宿/高铁站/飞机场/预订请先沟通,87.52494015320858,43.84746194999882,乌鲁木齐万达广场,近中营工地铁站,373,355,乌鲁木齐,开发区,整套,1居1床2人,4.2,5
18186183,729,颐·桃之夭夭/高铁/万达/飞机场,87.527872,43.842291,宝能城二号公寓楼,近中营工地铁站,298,239,乌鲁木齐,开发区,整套,1居1床2人,5.0,1
361138,729,友好市中心主题公寓【和式风】,87.602773,43.839419,泰惠花园小区,近八楼地铁站,198,189,乌鲁木齐,沙依巴克区,整套,1居1床2人,0.0,0
10392628,729,新疆旅游吃货线路之家,87.531628,43.831376,格林威治城E区-6号楼,近新疆图书馆地铁站,180,171,乌鲁木齐,沙依巴克区,,4居2床3人,4.8,15
15838565,729,小西门家庭公寓,87.64395215315837,43.80097965195651, 建国路327号,近北门大十字,300,300,阿勒泰,天山区,整套,2居2床3人,5.0,2
13560303,729,栖宿度假山庄 · 云栖,87.46206070425747,43.46840290668449, 新平安路西巷(水西沟镇平西梁村臻味食府对面),,980,980,乌鲁木齐,乌鲁木齐县,整套,1居2床2人,5.0,3
171971,729,友好市中心主题电梯大床房【28未成年】,87.604147,43.83878,友好北路中石华府,近八楼地铁站,248,224,乌鲁木齐,沙依巴克区,整套,1居1床2人,4.9,7
17182761,729,小资简约风格阳台落地大窗大不床客房,87.50984622489291,43.49432337235239,28号南山朴宿,,368,313,乌鲁木齐,乌鲁木齐县,整套,1居1床2人,0.0,0
13987625,729,大西门，大巴扎，地铁一号线，爱之屋,87.62235235093166,43.797843358278904,人民路221,近南门二道桥,500,500,乌鲁木齐,天山区,整套,3居2床4人,4.8,1
17737756,729,万达广场临近高铁站/机场/豪奢大床套间,87.52402237433398,43.849243867224075,西山街道 阿里山街,近小西沟地铁站,373,337,乌鲁木齐,沙依巴克区,整套,1居2床4人,0.0,0
1130120,729,友好市中心主题公寓【隐居】,87.60328945473132,43.83983869968615,沙依巴克区西八家户路泰惠小区,近八楼地铁站,368,350,乌鲁木齐,沙依巴克区,整套,1居1床2人,4.7,2
12899300,729,乌鲁木齐故乡庄院双床房,87.362412,43.571428,永丰乡永丰村二队,,300,300,乌鲁木齐,乌鲁木齐县,整套,1居2床2人,4.1,6
18226839,729,【自在】万达广场飞机场&高铁站温馨舒适,87.5243517736423,43.84894954339366,西山街道 阿里山街,近小西沟地铁站,371,297,乌鲁木齐,沙依巴克区,整套,1居1床2人,5.0,2
9194291,729,一号冰川美式联排别墅,87.28453756937563,43.48223297955904,萨尔达坂乡村委会,,1009,1009,乌鲁木齐,乌鲁木齐县,整套,4居4床5人,5.0,4
1114534,729,友好市中心主题公寓【牛仔很忙】,87.60277127934042,43.83941482779114,泰惠花园小区,近八楼地铁站,245,233,乌鲁木齐,沙依巴克区,整套,1居1床2人,3.1,5
16077146,729,【栖舍】近高铁火车站/机场经开区万达广场,87.51488118705676,43.80681072546266,玄武湖路(经开区玄武湖路999),,344,276,乌鲁木齐,沙依巴克区,整套,1居1床2人,5.0,1
17331959,729,麻将娱乐房,87.50984622489291,43.49432337235239,28号南山朴宿,,368,313,乌鲁木齐,乌鲁木齐县,整套,1居1床2人,0.0,0
14914586,729,唐唐家 精品两室两厅,87.45632053204871,43.79645153602026,西泉街(西泉街新河湾一期),,347,330,乌鲁木齐,沙依巴克区,整套,2居3床5人,0.0,0
1130125,729,友好市中心主题公寓【和式风】,87.60277127934042,43.83941482779114,泰惠花园小区(西八家户路泰惠花园小区),近八楼地铁站,368,350,乌鲁木齐,沙依巴克区,整套,1居1床2人,3.5,1
6666991,729,友好路悉熟小驻青年公寓（可做饭）,87.59797432791713,43.82977112449662,友好商场南巷188号(地矿局东院),近八楼地铁站,227,227,乌鲁木齐,沙依巴克区,整套,2居3床3人,5.0,1
17207023,729,肿瘤医院/近万达/小西沟brt地铁站,87.57906067135256,43.86454500079835,明润园小区(昆明路),近小西沟地铁站,503,503,博尔塔拉,新市区,整套,3居3床5人,0.0,0
17300494,729,中国风高档公寓畅游天池&江布拉克,87.62512112042867,43.963056916952475, 碱沟西路(左手单元),,588,500,乌鲁木齐,米东区,整套,2居3床6人,4.9,5
361153,729,友好市中心主题公寓【薰衣草】,87.6032383982056,43.83529872565027,汇珉园,近八楼地铁站,198,189,乌鲁木齐,沙依巴克区,整套,1居1床2人,3.9,2
19855165,729,经开区万达广场&高铁站&飞机场&铁路局,87.51977499999997,43.829361127605495,莲湖路口(公交站),,343,241,乌鲁木齐,开发区,整套,1居2床3人,0.0,0
17331938,729,简约榻榻米,87.50984622489291,43.49432337235239,28号南山朴宿,,268,228,乌鲁木齐,乌鲁木齐县,整套,1居1床2人,0.0,0
20094824,729,【十八号爱情公寓】超清大荧幕投影房/万达,87.52476902740503,43.84769800573699, 玄武湖路(万达广场),近中营工地铁站,368,350,乌鲁木齐,沙依巴克区,整套,1居1床2人,0.0,0
1130129,729,友好市中心主题风格公寓【春暖花开】,87.60277127934042,43.83941482779114,泰惠花园小区(西八家户路泰惠花园小区),近八楼地铁站,368,350,乌鲁木齐,沙依巴克区,整套,1居1床2人,1.0,1
17033710,729,乌鲁木齐站/机场/经开万达广场公寓大床房,87.52411999999993,43.84778125991255,万达广场(乌鲁木齐经开店)(乌鲁木齐站直线距离800米，万达宝能yoyo商圈),近中营工地铁站,211,211,乌鲁木齐,沙依巴克区,整套,1居1床2人,5.0,1
26139856,729,南山风景区绿植雅境多人聚会院落,87.569703,43.893671,乌鲁木齐南山风景名胜区,近体育中心地铁站,1000,600,乌鲁木齐,乌鲁木齐县,整套,3居3床6人,0.0,0
12284266,729,【热恋屋】万达/高铁站/飞机场/友好,87.52411564888675,43.84778270352204,万达广场(乌鲁木齐经开店),近中营工地铁站,373,355,乌鲁木齐,开发区,整套,1居1床2人,0.0,0
1130113,729,友好市主题公寓【牛仔很忙】,87.60328945473132,43.83983869968615,西八家户路泰惠小区,近八楼地铁站,368,350,乌鲁木齐,沙依巴克区,整套,1居1床2人,1.8,1
12267837,729,高铁站万达广场单身公寓舒适大床房,87.52475,43.846979,乌鲁木齐经开万达广场16号公寓,近中营工地铁站,364,327,乌鲁木齐,开发区,整套,1居1床2人,5.0,3
12973059,729,鑫疆公馆    近地铁,87.60892467208376,43.84191166036025, 昆仑路28(水磨沟区昆仑路南四巷59号),近八楼地铁站,198,198,乌鲁木齐,水磨沟区,整套,1居1床2人,0.0,0
14235187,729,【优家】舒适小美大三居,87.52697226040847,43.86794007250775, 嵩山街,近体育中心地铁站,498,498,乌鲁木齐,新市区,整套,3居3床5人,0.0,0
1130127,729,友好市中心主题公寓【北方有佳人】,87.604158,43.839081,西八家户路泰惠小区,近八楼地铁站,368,350,乌鲁木齐,沙依巴克区,整套,1居1床2人,3.5,3
470171,729,【路客】限时长租丨『夏日迷彩』老北园春,87.568356565348,43.824438873637085,克拉玛依西街 669号,近八楼地铁站,1034,1034,乌鲁木齐,沙依巴克区,整套,2居1床4人,4.9,8
10142392,729,四平路政府旁·婚庆·接拍用房,87.5952794113872,43.90268095258491,文光尚都,近体育中心地铁站,888,800,乌鲁木齐,新市区,整套,3居3床4人,5.0,2
4593563,729,【海洋风情】★万达商圈★高铁新站,87.51911339020072,43.84555549566511,乌鲁木齐市开发区云台山街,近中营工地铁站,284,284,乌鲁木齐,开发区,整套,1居1床2人,5.0,1
13394123,729,温馨两居，高档小区,87.6275465453056,43.88419877144193,新疆国际会展中心(红光山),近铁路局地铁站,303,303,乌鲁木齐,水磨沟区,整套,2居2床1人,4.7,2
15431725,729,近机场／高新万达／BRT／地铁站／机械厂,87.57035437668289,43.91106453043033,上海城,近迎宾路口地铁站,708,708,博尔塔拉,新市区,整套,3居3床5人,0.0,0
18222247,729,南山滑雪摄影休闲别墅,87.44876799999997,43.457109062888215,万泰·御泉花城,,2247,1798,乌鲁木齐,乌鲁木齐县,整套,4居4床8人,5.0,1
16069019,729,浪迹疆湖—文化宫/红山公园/西大桥/三居,87.60149699999997,43.805259124358905, 扬子江路,近八楼地铁站,572,515,乌鲁木齐,沙依巴克区,整套,3居3床5人,5.0,1
22577794,729,“静雅小院”家庭套房,87.52103165279493,43.49139969938881,静雅小院(出S116线即到),,834,667,乌鲁木齐,乌鲁木齐县,整套,2居3床4人,0.0,0
1579557,729,【路客】【静栖】高铁站丨一分钟大绿谷隐身,87.4965532239485,43.843516584224545,新疆省 乌鲁木齐市 开发区 喀纳斯湖北路 金吉利小区2-1-601,,737,701,乌鲁木齐,开发区,整套,3居1床4人,4.0,11
19811331,729,友好商圈农大時尚2居室,87.5741477737353,43.828053555789175,红庙子街道 青河路161号(3號樓1單元10),近八楼地铁站,400,400,乌鲁木齐,沙依巴克区,整套,2居2床4人,0.0,0
19802252,729,秋驿 近万达 宝能城 交通方便 生活便利,87.525004,43.848334,万达十八号公寓楼,近中营工地铁站,488,488,乌鲁木齐,头屯河区,整套,1居1床2人,0.0,0
14065045,729,万达商圈 高铁站 温馨2大床,87.522657,43.848016,玄武湖路(高铁站万达商圈),近中营工地铁站,417,417,乌鲁木齐,沙依巴克区,整套,2居2床4人,5.0,4
11819683,729,简约现代风格公寓,87.52403480139085,43.84798424616755, 玄武湖路(万达广场),近中营工地铁站,244,244,乌鲁木齐,沙依巴克区,整套,1居1床2人,0.0,0
19856915,729,乌鲁木齐高铁站&近机场&经开万达&铁路局,87.52737499999999,43.84223612926091,西山街道 莲湖路,近中营工地铁站,312,219,乌鲁木齐,沙依巴克区,整套,1居1床2人,0.0,0
7692456,729,温馨家园,87.47114257296334,43.799789542652206,西山(紫金城新河湾),,260,260,乌鲁木齐,沙依巴克区,整套,2居3床5人,4.8,2
14622546,729,红山角下两居室,87.61627900759424,43.80748316825498,昌吉回族自治州人民政府驻乌鲁木齐办事处(新华北路130号),近八楼地铁站,495,456,乌鲁木齐,天山区,整套,2居2床4人,4.3,3
12603858,729,繁花幽兰/万达/高铁站/飞机场/预定沟通,87.52411564888675,43.84778270352204,万达广场(乌鲁木齐经开店),近中营工地铁站,406,387,乌鲁木齐,开发区,整套,1居1床2人,0.0,0
12309984,729,大床房,87.42846407818429,43.450629789954334,平西梁村二队(水西沟镇平西梁新村),,280,252,乌鲁木齐,乌鲁木齐县,整套,1居1床2人,0.0,0
20065319,729,新疆丝路滑雪场内精装别墅，联排别墅整栋，,87.4286404559767,43.450418264391814,水西沟镇 ,,2414,1931,乌鲁木齐,乌鲁木齐县,整套,3居3床6人,0.0,0
13812408,729,栖宿度假山庄 · 无争,87.46206070425747,43.46840290668449, 新平安路西巷(水西沟镇平西梁村臻味食府对面),,980,980,乌鲁木齐,乌鲁木齐县,整套,1居1床2人,5.0,4
10315222,729,南山度假区南风南舍民宿.兰亭序,87.46107899999996,43.46930506532056,南风南舍,,508,458,乌鲁木齐,乌鲁木齐县,整套,1居1床2人,2.0,1
5441515,729,【路客】限时长租丨『行者之家』高铁新站,87.52194961270772,43.844916776629674,澎湖路 万达华府二期,近中营工地铁站,367,349,乌鲁木齐,新市区,整套,2居2床4人,4.0,3
15583779,729,「造梦家」简约北欧投影房,87.52422065030875,43.84300116823869,万达华府12号公寓,近中营工地铁站,339,339,乌鲁木齐,开发区,整套,1居1床2人,0.0,0
14787473,729,【鲸喜】万达广场高铁站机场可大床可标间,87.52374671670665,43.84297289942027, 纬一路(万达广场),近中营工地铁站,273,247,乌鲁木齐,沙依巴克区,整套,1居2床2人,0.0,0
14627845,729,经开万达 精品两大床 高铁站附近,87.52496903912123,43.84830281217625,乌鲁木齐经济技术开发区街道玄武湖路1097号(经济开发区万达广场18号公寓),近中营工地铁站,365,347,乌鲁木齐,新市区,整套,1居2床4人,4.3,3
15555324,729,客念·三字令/现代/高铁/飞机场/万达,87.52697971440381,43.84340811427617,宝能城1号公寓楼(7号楼),近中营工地铁站,296,296,乌鲁木齐,开发区,整套,1居1床2人,5.0,5
9815562,729,爱巢公寓,87.53668294297134,43.80286710945886,中豪润园(别墅区前楼),近火车站,496,496,乌鲁木齐,沙依巴克区,整套,3居4床6人,3.4,3
10335123,729,南山度假区南风南舍私家小院,87.46107899999996,43.46930506532056,南风南舍,,2934,2347,乌鲁木齐,乌鲁木齐县,整套,8居13床18人,0.0,0
3518769,729,【路客】限时长租丨新疆风情丨迁回西域,87.54660564567718,43.81367999462353,骑马山路209号 香林美庭小区,近新疆图书馆地铁站,1027,1027,乌鲁木齐,沙依巴克区,整套,2居2床4人,5.0,1
19781336,729,南山“静雅小院”,87.52036499999997,43.49153606972864,静雅小院(出S116线即到 ),,1142,914,乌鲁木齐,乌鲁木齐县,整套,3居3床8人,0.0,0
14673723,729,果岭☞庭院木屋☜6~8人,87.64909689448997,43.838296420746715,水磨沟路与高尔夫路交叉口(延高尔夫路向北进入恒大都市果岭大门，顺路一直走2公里至高尔夫俱乐部电话或短信联系房东),近八楼地铁站,2100,1890,乌鲁木齐,水磨沟区,整套,3居5床6人,4.9,2
470406,729,【路客】『温馨之家』新房上线丨近王府井丨,87.62621646613295,43.80338268895254, 解放北路徕远广场,近北门大十字,3416,3246,乌鲁木齐,天山区,整套,2居2床4人,4.8,21
17336040,729,东南亚简约风格山景、雪景三居联排别墅,87.49795999999999,43.47592406663666,小院南山·锦嘉苑,,1800,1800,乌鲁木齐,乌鲁木齐县,整套,3居3床6人,0.0,0
16072351,729,小美600平别墅,87.28592672991681,43.48376212293055,南庭驿栈(西白杨沟附近),,1884,1884,乌鲁木齐,乌鲁木齐县,整套,5居8床15人,0.0,0
7693632,729,ins风蓝色格调公寓,87.53712311267122,43.804350530723674,中豪润园(别墅区前楼),近火车站,200,200,乌鲁木齐,沙依巴克区,,4居2床2人,4.6,6
6809133,729,南湖标准大床房,87.633044260922,43.836371175033,南湖东路北,近八楼地铁站,128,128,乌鲁木齐,水磨沟区,整套,1居1床2人,4.8,78
11085376,729,友好路商业区标准间,87.603458357595,43.841088373379,西八家户路百草苑小区北侧,近八楼地铁站,148,148,乌鲁木齐,沙依巴克区,整套,1居2床2人,2.8,1
178422,729,汗血马行宫K座单间,87.580875,43.86225,昆明路,近小西沟地铁站,328,328,乌鲁木齐,开发区,整套,1居1床2人,0.0,0
15586880,729,【造梦家】梦幻泡泡,87.52271605727327,43.843152612360036, 纬一路,近中营工地铁站,312,312,乌鲁木齐,沙依巴克区,整套,1居1床2人,5.0,1
16002127,729,客念·西梦令/简约/高铁/万达/飞机场,87.52697971440381,43.84340811427617,宝能城1号公寓楼(7号楼),近中营工地铁站,301,301,乌鲁木齐,开发区,整套,1居1床2人,0.0,0
14336211,729,北欧特色大床房,87.46118019609996,43.46892793405151, 平西梁四巷,,280,280,乌鲁木齐,乌鲁木齐县,整套,1居1床2人,0.0,0
176542,729,行政标准间 部分房型俯瞰新疆古生态园,87.580875,43.86225,昆明路,近小西沟地铁站,468,468,乌鲁木齐,开发区,整套,1居2床2人,0.0,0
448535,729,乌鲁木齐 优屋美宿南山丝路 雪月,87.478278,43.510981,南旅东路,,289,289,乌鲁木齐,乌鲁木齐县,整套,1居1床2人,0.0,0
16002960,729,客念·西子/大空间/高铁/万达/飞机场,87.52779999999997,43.84217312925295,宝能城二号公寓楼(6号楼),近中营工地铁站,344,344,乌鲁木齐,开发区,整套,1居1床2人,0.0,0
9610903,729,大床房,87.362575,43.571627,永丰村二队(国道216县去往白杨沟瀑布方向),,300,300,乌鲁木齐,乌鲁木齐县,整套,1居1床2人,5.0,2
10511761,729,南风南舍.风铃晚,87.46115489666998,43.46928322710221,平西梁四巷,,308,278,乌鲁木齐,乌鲁木齐县,整套,1居2床2人,0.0,0
17423589,729,战国（3室套房-带麻将）,87.47056,43.463009,水西沟镇 ,,1398,1119,乌鲁木齐,乌鲁木齐县,整套,3居4床8人,0.0,0
448564,729,乌鲁木齐优屋美宿南山丝路 商务套房,87.477011,43.511255,南旅东路,,399,360,乌鲁木齐,乌鲁木齐县,整套,1居1床2人,0.0,0
8546336,729,暖阳公寓（近高铁）,87.53712311267122,43.804350530723674,中豪润园(别墅区前楼),近火车站,468,468,乌鲁木齐,沙依巴克区,整套,2居3床4人,0.0,0
15999159,729,客念·乔木查/双床/高铁/万达/飞机场,87.52697971440381,43.84340811427617,宝能城1号公寓楼(7号楼),近中营工地铁站,315,315,乌鲁木齐,开发区,整套,1居2床4人,0.0,0
17423330,729,春秋（2室套房-带麻将）,87.47056,43.463009,水西沟镇 ,,998,799,乌鲁木齐,乌鲁木齐县,整套,2居3床6人,0.0,0
6809112,729,南湖豪华大床房,87.633044260922,43.836371175033,南湖东路北,近八楼地铁站,128,128,乌鲁木齐,水磨沟区,整套,1居1床2人,0.0,0
15586516,729,「造梦家」粉色宫殿,87.523964375163,43.84289931568389,万达华府12号公寓,近中营工地铁站,339,339,乌鲁木齐,开发区,整套,1居1床2人,0.0,0
1568875,729,【路客】限时长租丨『宫』大巴扎丨火车南站,87.59847719475097,43.791459421139095,长江路东方花园,近火车站,2716,2608,乌鲁木齐,沙依巴克区,整套,2居2床4人,4.9,9
7253486,729,人民广场商圈豪华标准间,87.651748424742,43.806627964771,碱泉二街,近北门大十字,279,279,乌鲁木齐,天山区,整套,1居2床2人,0.0,0
14827828,729,边疆小舍,87.52250768202389,43.846059810983014, 万寿山街,近中营工地铁站,388,388,乌鲁木齐,沙依巴克区,整套,1居1床2人,0.0,0
14590738,729,麓缘谷特色标准间,87.38031490284948,43.44545260937779,八家户村,,468,398,乌鲁木齐,乌鲁木齐县,整套,1居2床2人,0.0,0
13062568,729,温馨家园万达广场,87.52476902740503,43.84769800573699, 玄武湖路(万达广场),近中营工地铁站,392,353,乌鲁木齐,沙依巴克区,整套,1居1床2人,0.0,0
10315838,729,南山度假区南风南舍民宿.禅悦,87.46107899999996,43.46930506532056,南风南舍,,408,368,乌鲁木齐,乌鲁木齐县,整套,1居2床2人,0.0,0
14827576,729,高铁站@翠竹之家@经开万达广场$火车站,87.525339,43.848039, 玄武湖路,近中营工地铁站,388,388,乌鲁木齐,沙依巴克区,整套,1居1床2人,0.0,0
176539,729,新疆古生态园内M座大床房,87.583082,43.862161,野马国际大厦(昆明路)(昆明路),近小西沟地铁站,368,368,乌鲁木齐,开发区,整套,1居1床2人,0.0,0
6809126,729,南湖三人间,87.633044260922,43.836371175033,南湖东路北,近八楼地铁站,170,170,乌鲁木齐,水磨沟区,整套,1居3床3人,4.5,5
10511607,729,南风南舍民宿.云水轩,87.46107899999996,43.46930506532056,南风南舍,,308,278,乌鲁木齐,乌鲁木齐县,整套,1居1床2人,0.0,0
18256694,729,浩罕/单间（一卧一卫）,87.47056,43.463009,水西沟镇 ,,398,319,乌鲁木齐,乌鲁木齐县,整套,1居1床1人,0.0,0
9610945,729,标准间,87.362575,43.571627,永丰村二队(国道216县去往白杨沟瀑布方向),,380,380,乌鲁木齐,乌鲁木齐县,整套,1居2床2人,0.0,0
6809119,729,南湖标准双床房,87.633044260922,43.836371175033,南湖东路北,近八楼地铁站,96,96,乌鲁木齐,水磨沟区,整套,1居2床2人,2.3,7
10483761,729,南风南舍.竹里馆,87.46123673496605,43.46926080864086,平西梁四巷,,308,278,乌鲁木齐,乌鲁木齐县,整套,1居1床2人,0.0,0
448577,729,乌鲁木齐优屋美宿南山丝路 山峦双床房,87.478278,43.510981,南旅东路,,289,261,乌鲁木齐,乌鲁木齐县,整套,1居2床2人,0.0,0
17073722,729,医学院A座行政单间,87.580768239006,43.862220360926,昆明路,近小西沟地铁站,500,500,乌鲁木齐,新市区,整套,1居1床2人,0.0,0
13019014,729,特色榻榻米（公卫）（可住多人）,87.42846407818429,43.450629789954334,平西梁村二队(水西沟镇平西梁新村),,267,241,乌鲁木齐,乌鲁木齐县,整套,1居1床4人,0.0,0
17422077,729,康居（大床房）,87.47056,43.463009,水西沟镇 ,,468,375,乌鲁木齐,乌鲁木齐县,整套,1居1床2人,0.0,0
470586,729,【路客】限时长租丨『手工制作者之家]』,87.5967590591252,43.82361206532522,新市区 明园石油花园,近八楼地铁站,3716,3531,乌鲁木齐,新市区,整套,2居2床4人,4.7,4
7272435,729,乌鲁木齐微光角落民宿浪漫公主房,87.461356,43.469431,水西沟镇平西梁村,,258,258,乌鲁木齐,乌鲁木齐县,整套,1居1床2人,3.3,1
176433,729,新市区近财经大学医学院古生态园大别墅,87.581562,43.862234,昆明路-道路,近小西沟地铁站,3888,3111,乌鲁木齐,新市区,整套,5居5床10人,0.0,0
18256960,729,单桓/标间（一卧一卫）,87.47056,43.463009,水西沟镇 ,,398,319,乌鲁木齐,乌鲁木齐县,整套,1居2床2人,0.0,0
6509904,729,地铁站周边两室两厅，闹市静舍,87.6440843497443,43.807551471270045,碱泉街189号(地址有偏差，实为苏州路新洲花园。),近北门大十字,600,600,乌鲁木齐,天山区,整套,2居2床4人,0.0,0
7272442,729,乌鲁木齐微光角落民宿日式榻榻米,87.461356,43.469431,水西沟镇平西梁村,,258,258,乌鲁木齐,乌鲁木齐县,整套,1居1床2人,3.8,1
8385644,729,株式和风(近高铁),87.53712311267122,43.804350530723674,中豪润园(别墅区前楼),近火车站,239,239,乌鲁木齐,沙依巴克区,,4居1床2人,0.0,0
12899307,729,乌鲁木齐故乡庄院大床房,87.362412,43.571428,永丰乡永丰村二队,,300,300,乌鲁木齐,乌鲁木齐县,整套,1居1床2人,4.6,4
12196108,729,舒适标准间,87.465922,43.463612,南山壹号度假村(水西沟镇庙尔沟村南溪南路196号),,328,328,乌鲁木齐,乌鲁木齐县,整套,1居2床2人,0.0,0
22693917,729,灵动空间大床房,87.5278,43.842329,宝能城二号公寓楼,近中营工地铁站,498,498,伊犁,沙依巴克区,整套,1居1床2人,0.0,0
7828402,729,凤麟阁(近高铁),87.53746446876502,43.80464981297296,中豪润园(别墅区前楼),近火车站,239,239,乌鲁木齐,沙依巴克区,,4居1床2人,0.0,0
7272449,729,乌鲁木齐微光角落民宿小清新绿色房间,87.461356,43.469431,水西沟镇平西梁村,,258,258,乌鲁木齐,乌鲁木齐县,整套,1居2床2人,3.5,1
12196066,729,大榻榻米,87.465922,43.463612,南山壹号度假村(水西沟镇庙尔沟村南溪南路196号),,528,528,乌鲁木齐,乌鲁木齐县,整套,1居1床2人,0.0,0
14827982,729,金街小舍,87.52469056441313,43.84762667003517, 玄武湖路,近中营工地铁站,388,388,乌鲁木齐,沙依巴克区,整套,1居1床2人,0.0,0
18257268,729,温宿/家庭房（一卧一卫）,87.47056,43.463009,水西沟镇 ,,598,479,乌鲁木齐,乌鲁木齐县,整套,1居2床3人,0.0,0
13062708,729,温馨家园经开万达广场,87.52466443837781,43.84747512577074, 玄武湖路(万达广场公寓楼上),近中营工地铁站,402,402,乌鲁木齐,沙依巴克区,整套,1居1床2人,0.0,0
7253479,729,人民广场商圈豪华套间,87.651748424742,43.806627964771,碱泉二街,近北门大十字,456,456,乌鲁木齐,天山区,整套,1居1床2人,4.5,1
14590752,729,麓缘谷特色精品大床房,87.38031490284948,43.44545260937779,八家户村(法明寺麓缘谷民宿),,528,449,乌鲁木齐,乌鲁木齐县,整套,1居1床2人,0.0,0
9611547,729,豪华标准间,87.362575,43.571627,永丰村二队(国道216县去往白杨沟瀑布方向),,680,680,乌鲁木齐,乌鲁木齐县,整套,1居2床2人,0.0,0
14336225,729,北欧特色标准间,87.46118019609996,43.46892793405151, 平西梁四巷,,280,280,乌鲁木齐,乌鲁木齐县,整套,1居2床2人,0.0,0
14827240,729,路途小舍,87.524568,43.848228, 玄武湖路,近中营工地铁站,388,388,乌鲁木齐,沙依巴克区,整套,1居1床2人,0.0,0
14590780,729,麓缘谷带书架书桌山景房,87.38031490284948,43.44545260937779,八家户村,,798,679,乌鲁木齐,乌鲁木齐县,整套,1居1床2人,0.0,0
12195926,729,Mini榻榻米房,87.465922,43.463612,南山壹号度假村(水西沟镇庙尔沟村南溪南路196号),,311,311,乌鲁木齐,乌鲁木齐县,整套,1居1床2人,0.0,0
14299020,729,公园式花园洋房庭院菜地新疆绿城房产豪宅,87.61667704863487,43.875966007821305, 南湖北路(花园洋房),近小西沟地铁站,2380,2142,乌鲁木齐,水磨沟区,整套,4居5床8人,4.9,2
7272428,729,乌鲁木齐微光角落民宿蓝色地中海风格大床房,87.461356,43.469431,水西沟镇平西梁村,,258,258,乌鲁木齐,乌鲁木齐县,整套,1居1床2人,0.0,0
14811966,729,南山丝路滑雪场生态绿色木屋,87.43788188427811,43.46059035035677,南丝路,,1733,1214,乌鲁木齐,乌鲁木齐县,整套,2居3床6人,0.0,0
10430085,729,人民广场商圈普通单间(无窗),87.651748424742,43.806627964771,碱泉二街,近北门大十字,248,248,乌鲁木齐,天山区,整套,1居1床2人,0.0,0
14861421,729,美美新疆,87.52411564888675,43.84778270352204,万达广场(乌鲁木齐经开店)(经开万达广场公寓),近中营工地铁站,460,460,乌鲁木齐,开发区,整套,1居2床4人,0.0,0
7272470,729,乌鲁木齐微光角落民宿工业风浴缸高级大床房,87.461356,43.469431,水西沟镇平西梁村,,349,349,乌鲁木齐,乌鲁木齐县,整套,1居1床2人,0.0,0
22694148,729,王的宫殿圆床房,87.5278,43.842329,宝能城二号公寓楼,近中营工地铁站,498,498,伊犁,沙依巴克区,整套,1居1床2人,0.0,0
14439146,729,乌鲁木齐晨霞公寓株式和风(公共卫浴),87.537185,43.803105,西山中豪润园别墅区前楼a座,近火车站,256,256,乌鲁木齐,沙依巴克区,整套,1居1床2人,0.0,0
12453239,729,标准间,87.42846407818429,43.450629789954334,平西梁村二队(水西沟镇平西梁新村),,280,252,乌鲁木齐,乌鲁木齐县,整套,1居2床2人,0.0,0
7300960,729,乌鲁木齐南山晨琳度假庄园三人间,87.426476,43.478347,板房沟镇板房沟村六队（板水大桥南,,568,568,乌鲁木齐,乌鲁木齐县,整套,1居3床3人,4.7,4
515834,729,【路客】限时长租丨『造型师家』新疆博物馆,87.59693742287247,43.81639275320324,沙依巴克区 哈密南路299号,近八楼地铁站,3799,3610,乌鲁木齐,沙依巴克区,整套,2居2床4人,4.2,10
7272463,729,乌鲁木齐微光角落民宿全落地玻璃阳光大床房,87.461356,43.469431,水西沟镇平西梁村,,349,349,乌鲁木齐,乌鲁木齐县,整套,1居1床2人,0.0,0
13018944,729,大床房（公共卫浴）,87.42846407818429,43.450629789954334,平西梁村二队(水西沟镇平西梁新村),,215,194,乌鲁木齐,乌鲁木齐县,整套,1居1床2人,0.0,0
14628419,729,"温馨家园{经开万达店}临近高铁站,飞机场",87.52508581883752,43.84674247251187, 玄武湖路(万达广场楼上),近中营工地铁站,469,469,乌鲁木齐,沙依巴克区,整套,1居2床4人,0.0,0
21555458,729,达坂城的姑娘欢迎你,88.31403161603076,43.364234933895126, 达坂城街369,,180,171,乌鲁木齐,达坂城区,整套,1居1床2人,0.0,0
14439139,729,乌鲁木齐晨霞公寓北欧格调,87.537185,43.803105,西山中豪润园别墅区前楼a座,近火车站,246,246,乌鲁木齐,沙依巴克区,整套,1居2床2人,0.0,0
13812352,729,栖宿度假山庄 · 知否,87.46206070425747,43.46840290668449, 新平安路西巷(水西沟镇平西梁村臻味食府对面),,680,680,乌鲁木齐,乌鲁木齐县,整套,1居1床2人,0.0,0
7272456,729,乌鲁木齐微光角落民宿紫色梦幻大床房,87.461356,43.469431,水西沟镇平西梁村,,258,258,乌鲁木齐,乌鲁木齐县,整套,1居1床2人,0.0,0
12301402,729,乌鲁木齐农＋帮创客民宿,87.479141,43.469937, X023(南溪南路),,199,199,乌鲁木齐,乌鲁木齐县,整套,1居2床2人,0.0,0
6773545,729,温馨欧式公寓,87.52372937751745,43.84068276373053,凤凰山街-道路(万达广场斜对面),近中营工地铁站,468,468,乌鲁木齐,开发区,整套,1居1床2人,0.0,0
14863185,729,唐唐家,87.52429530998873,43.84578674416851, 万寿山街(经济开发区万达公寓),近中营工地铁站,387,368,乌鲁木齐,沙依巴克区,整套,1居2床4人,0.0,0
22694134,729,绿林深处圆床房,87.5278,43.842329,宝能城二号公寓楼,近中营工地铁站,498,498,伊犁,沙依巴克区,整套,1居1床2人,0.0,0
13796189,729,栖宿度假山庄  · 黛墨,87.45919719704676,43.4641972223567,平西梁村,,880,880,乌鲁木齐,乌鲁木齐县,整套,1居1床2人,0.0,0
12301157,729,农＋帮创客民宿,87.479141,43.469937, X023(南溪南路),,399,399,乌鲁木齐,乌鲁木齐县,整套,1居1床2人,0.0,0
22657496,729,一见钟情圆床房,87.526828,43.844739,宝能城,近中营工地铁站,528,528,伊犁,沙依巴克区,整套,1居1床2人,0.0,0
22693049,729,雪儿天地圆床房,87.5278,43.842329,宝能城二号公寓楼,近中营工地铁站,498,498,伊犁,沙依巴克区,整套,1居1床2人,0.0,0
13812436,729,栖宿度假山庄 · 小美,87.46206070425747,43.46840290668449, 新平安路西巷(水西沟镇平西梁村臻味食府对面),,980,980,乌鲁木齐,乌鲁木齐县,整套,1居1床2人,0.0,0
14861246,729,乌鲁木齐经开万达广场公寓楼,87.52411564888675,43.84778270352204,万达广场(乌鲁木齐经开店)(经开万达广场公寓),近中营工地铁站,309,309,乌鲁木齐,开发区,整套,1居1床2人,0.0,0
22657811,729,爱之狂野圆床房,87.526828,43.844739,宝能城,近中营工地铁站,528,528,伊犁,沙依巴克区,整套,1居1床2人,0.0,0
22693882,729,丛林忧郁圆床房,87.5278,43.842329,宝能城二号公寓楼,近中营工地铁站,498,498,伊犁,沙依巴克区,整套,1居1床2人,0.0,0
12847346,729,达坂城的姑娘等你来,88.31209127612921,43.363946546882126, 达坂城街331,,187,187,乌鲁木齐,达坂城区,整套,1居1床2人,5.0,1
17085783,729,医学院A座豪华观景套房,87.580768239006,43.862220360926,昆明路,近小西沟地铁站,870,870,乌鲁木齐,新市区,整套,1居1床2人,0.0,0
7300939,729,乌鲁木齐南山晨琳度假庄园俄式阁楼,87.426476,43.478347,板房沟镇板房沟村六队（板水大桥南,,763,763,乌鲁木齐,乌鲁木齐县,整套,1居1床6人,4.5,1
22692965,729,海底岁月,87.5278,43.842329,宝能城二号公寓楼,近中营工地铁站,498,498,伊犁,沙依巴克区,整套,1居1床2人,0.0,0
21813975,729,海盗船长大床房,87.52234099999997,43.84898313010559,万达广场,近小西沟地铁站,568,568,乌鲁木齐,沙依巴克区,整套,1居1床2人,0.0,0
7253472,729,人民广场商圈豪华单间,87.651748424742,43.806627964771,碱泉二街,近北门大十字,269,269,乌鲁木齐,天山区,整套,1居1床1人,4.0,1
7300946,729,乌鲁木齐南山晨琳度假庄园标准间,87.426476,43.478347,板房沟镇板房沟村六队（板水大桥南,,377,377,乌鲁木齐,乌鲁木齐县,整套,1居2床2人,4.5,8
22693686,729,金碧辉煌圆床房,87.5278,43.842329,宝能城二号公寓楼,近中营工地铁站,498,498,伊犁,沙依巴克区,整套,1居1床2人,0.0,0
22013818,729,深邃大海 圆床房,87.52234099999997,43.84898313010559,万达广场,近小西沟地铁站,568,568,乌鲁木齐,沙依巴克区,整套,1居1床2人,0.0,0
14439153,729,乌鲁木齐晨霞公寓梦幻童真(公共卫浴),87.537185,43.803105,西山中豪润园别墅区前楼a座,近火车站,330,330,乌鲁木齐,沙依巴克区,整套,1居1床2人,0.0,0
14785163,729,万达公寓,87.52506785272732,43.84784121597365, 玄武湖路(高铁万达广场),近中营工地铁站,349,349,乌鲁木齐,沙依巴克区,整套,1居1床2人,0.0,0
22693973,729,花舞曼资大床房,87.5278,43.842329,宝能城二号公寓楼,近中营工地铁站,498,498,伊犁,沙依巴克区,整套,1居1床2人,0.0,0
21817125,729,蓝色之恋大床房,87.52234099999997,43.84898313010559,万达广场,近小西沟地铁站,568,568,乌鲁木齐,沙依巴克区,整套,1居1床2人,0.0,0
22693854,729,雪舞精灵圆床房,87.5278,43.842329,宝能城二号公寓楼,近中营工地铁站,498,498,伊犁,沙依巴克区,整套,1居1床2人,0.0,0
22694008,729,星星乐园大床房,87.5278,43.842329,宝能城二号公寓楼,近中营工地铁站,498,498,伊犁,沙依巴克区,整套,1居1床2人,0.0,0
21817300,729,中式奢华婚嫁大床房,87.52234099999997,43.84898313010559,万达广场,近小西沟地铁站,568,568,乌鲁木齐,沙依巴克区,整套,1居1床2人,0.0,0
21816607,729,一见倾心圆床房,87.52234099999997,43.84898313010559,万达广场,近小西沟地铁站,568,568,乌鲁木齐,沙依巴克区,整套,1居1床2人,0.0,0
21816110,729,MARRY ME  主题大床房,87.52234099999997,43.84898313010559,万达广场,近小西沟地铁站,568,568,乌鲁木齐,沙依巴克区,整套,1居1床2人,0.0,0
22694043,729,流星雨大床房,87.5278,43.842329,宝能城二号公寓楼,近中营工地铁站,498,498,伊犁,沙依巴克区,整套,1居1床2人,0.0,0
21816607,729,一见倾心圆床房,87.52234099999997,43.84898313010559,万达广场,近小西沟地铁站,568,568,乌鲁木齐,沙依巴克区,整套,1居1床2人,0.0,0
21816110,729,MARRY ME  主题大床房,87.52234099999997,43.84898313010559,万达广场,近小西沟地铁站,568,568,乌鲁木齐,沙依巴克区,整套,1居1床2人,0.0,0
22010066,729,丛林葱郁,87.52341165410235,43.84747969925622,万达广场(乌鲁木齐经开店),近中营工地铁站,528,528,乌鲁木齐,沙依巴克区,整套,1居1床2人,0.0,0
22694043,729,流星雨大床房,87.5278,43.842329,宝能城二号公寓楼,近中营工地铁站,498,498,伊犁,沙依巴克区,整套,1居1床2人,0.0,0
21813478,729,疆恬大床房,87.52234099999997,43.84898313010559,万达广场,近小西沟地铁站,568,568,乌鲁木齐,沙依巴克区,整套,1居1床2人,0.0,0
22013531,729,蓝色海滩圆床房,87.52234099999997,43.84898313010559,万达广场,近小西沟地铁站,568,568,乌鲁木齐,沙依巴克区,整套,1居1床2人,0.0,0
22008792,729,柔情蜜语,87.52341165410235,43.84747969925622,万达广场(乌鲁木齐经开店),近中营工地铁站,528,528,乌鲁木齐,沙依巴克区,整套,1居1床2人,0.0,0
22693427,729,灿烂夺目圆床房,87.5278,43.842329,宝能城二号公寓楼,近中营工地铁站,498,498,伊犁,沙依巴克区,整套,1居1床2人,0.0,0
21816768,729,中式婚嫁大床房,87.52234099999997,43.84898313010559,万达广场,近小西沟地铁站,568,568,乌鲁木齐,沙依巴克区,整套,1居1床2人,0.0,0
21816838,729,穿越唐朝大床房,87.52234099999997,43.84898313010559,万达广场,近小西沟地铁站,568,568,乌鲁木齐,沙依巴克区,整套,1居1床2人,0.0,0
22010185,729,猫咪之恋,87.52341165410235,43.84747969925622,万达广场(乌鲁木齐经开店),近中营工地铁站,528,528,乌鲁木齐,沙依巴克区,整套,1居1床2人,0.0,0
21813443,729,点墨大床房,87.52234099999997,43.84898313010559,万达广场,近小西沟地铁站,568,568,乌鲁木齐,沙依巴克区,整套,1居1床2人,0.0,0
21813576,729,沙漠主题大床房,87.52234099999997,43.84898313010559,万达广场,近小西沟地铁站,568,568,乌鲁木齐,沙依巴克区,整套,1居1床2人,0.0,0
21819260,729,时尚格子大床房,87.52234099999997,43.84898313010559,万达广场,近小西沟地铁站,568,568,乌鲁木齐,沙依巴克区,整套,1居1床2人,0.0,0
22009786,729,月亮之上,87.52341165410235,43.84747969925622,万达广场(乌鲁木齐经开店),近中营工地铁站,528,528,乌鲁木齐,沙依巴克区,整套,1居1床2人,0.0,0
21819190,729,简约大床房,87.52234099999997,43.84898313010559,万达广场,近小西沟地铁站,568,568,乌鲁木齐,沙依巴克区,整套,1居1床2人,0.0,0
21818966,729,海洋之心圆床房,87.52234099999997,43.84898313010559,万达广场,近小西沟地铁站,568,568,乌鲁木齐,沙依巴克区,整套,1居1床2人,0.0,0
21819680,729,冬日雪歌圆床房,87.52234099999997,43.84898313010559,万达广场,近小西沟地铁站,568,568,乌鲁木齐,沙依巴克区,整套,1居1床2人,0.0,0
22005271,729,清净沙滩,87.52341165410235,43.84747969925622,万达广场(乌鲁木齐经开店),近中营工地铁站,528,528,乌鲁木齐,沙依巴克区,整套,1居1床2人,0.0,0
21817370,729,玫瑰花大床房,87.52234099999997,43.84898313010559,万达广场,近小西沟地铁站,568,568,乌鲁木齐,沙依巴克区,整套,1居1床2人,0.0,0
22013881,729,蔚蓝大海大床房,87.52234099999997,43.84898313010559,万达广场,近小西沟地铁站,568,568,乌鲁木齐,沙依巴克区,整套,1居1床2人,0.0,0
21818357,729,十里桃花大床房,87.52234099999997,43.84898313010559,万达广场,近小西沟地铁站,568,568,乌鲁木齐,沙依巴克区,整套,1居1床2人,0.0,0
22008043,729,月半小夜曲,87.52341165410235,43.84747969925622,万达广场(乌鲁木齐经开店),近中营工地铁站,528,528,乌鲁木齐,沙依巴克区,整套,1居1床2人,0.0,0
21818063,729,商务大床房,87.52234099999997,43.84898313010559,万达广场,近小西沟地铁站,568,568,乌鲁木齐,沙依巴克区,整套,1居1床2人,0.0,0
21817713,729,丛林深处大床房,87.52234099999997,43.84898313010559,万达广场,近小西沟地铁站,568,568,乌鲁木齐,沙依巴克区,整套,1居1床2人,0.0,0
21819771,729,追梦空间大床房,87.52234099999997,43.84898313010559,万达广场,近小西沟地铁站,568,568,乌鲁木齐,沙依巴克区,整套,1居1床2人,0.0,0
22004977,729,贝壳之恋,87.52341165410235,43.84747969925622,万达广场(乌鲁木齐经开店),近中营工地铁站,528,528,乌鲁木齐,沙依巴克区,整套,1居1床2人,0.0,0
21818784,729,追梦人大床房,87.52234099999997,43.84898313010559,万达广场,近小西沟地铁站,568,568,乌鲁木齐,沙依巴克区,整套,1居1床2人,0.0,0
21818301,729,海滩风格大床房,87.52234099999997,43.84898313010559,万达广场,近小西沟地铁站,568,568,乌鲁木齐,沙依巴克区,整套,1居1床2人,0.0,0
21819099,729,简约时尚大床房,87.52234099999997,43.84898313010559,万达广场,近小西沟地铁站,568,568,乌鲁木齐,沙依巴克区,整套,1居1床2人,0.0,0
22009814,729,七秒钟的记忆,87.52341165410235,43.84747969925622,万达广场(乌鲁木齐经开店),近中营工地铁站,528,528,乌鲁木齐,沙依巴克区,整套,1居1床2人,0.0,0
21819736,729,花开富贵大床房,87.52234099999997,43.84898313010559,万达广场,近小西沟地铁站,568,568,乌鲁木齐,沙依巴克区,整套,1居1床2人,0.0,0
21816292,729,玫瑰奇缘大床房,87.52234099999997,43.84898313010559,万达广场,近小西沟地铁站,568,568,乌鲁木齐,沙依巴克区,整套,1居1床2人,0.0,0
21814171,729,求婚主题大床房,87.52234099999997,43.84898313010559,万达广场,近小西沟地铁站,568,568,乌鲁木齐,沙依巴克区,整套,1居1床2人,0.0,0
22010556,729,爱慕大床房,87.52341165410235,43.84747969925622,万达广场(乌鲁木齐经开店),近中营工地铁站,528,528,乌鲁木齐,沙依巴克区,整套,1居1床2人,0.0,0
21818532,729,光彩流年圆床房,87.52234099999997,43.84898313010559,万达广场,近小西沟地铁站,568,568,乌鲁木齐,沙依巴克区,整套,1居1床2人,0.0,0
21818700,729,梅花三弄大床房,87.52234099999997,43.84898313010559,万达广场,近小西沟地铁站,568,568,乌鲁木齐,沙依巴克区,整套,1居1床2人,0.0,0
21817937,729,粉红佳人大床房,87.52234099999997,43.84898313010559,万达广场,近小西沟地铁站,568,568,乌鲁木齐,沙依巴克区,整套,1居1床2人,0.0,0
22006377,729,欧式影幕,87.52341165410235,43.84747969925622,万达广场(乌鲁木齐经开店),近中营工地铁站,528,528,乌鲁木齐,沙依巴克区,整套,1居1床2人,0.0,0
21814269,729,1314主题大床房,87.52234099999997,43.84898313010559,万达广场,近小西沟地铁站,568,568,乌鲁木齐,沙依巴克区,整套,1居1床2人,0.0,0
21816677,729,一见钟情圆床房,87.52234099999997,43.84898313010559,万达广场,近小西沟地铁站,568,568,乌鲁木齐,沙依巴克区,整套,1居1床2人,0.0,0
21818630,729,米奇大床房,87.52234099999997,43.84898313010559,万达广场,近小西沟地铁站,568,568,乌鲁木齐,沙依巴克区,整套,1居1床2人,0.0,0
22576275,729,摩天轮之爱,87.52341165410235,43.84747969925622,万达广场(乌鲁木齐经开店),近中营工地铁站,528,528,乌鲁木齐,沙依巴克区,整套,1居1床2人,0.0,0
21818490,729,梅花主题圆床房,87.52234099999997,43.84898313010559,万达广场,近小西沟地铁站,568,568,乌鲁木齐,沙依巴克区,整套,1居1床2人,0.0,0
21818231,729,日式风格大床房,87.52234099999997,43.84898313010559,万达广场,近小西沟地铁站,568,568,乌鲁木齐,沙依巴克区,整套,1居1床2人,0.0,0
21816901,729,时尚芭莎大床房,87.52234099999997,43.84898313010559,万达广场,近小西沟地铁站,568,568,乌鲁木齐,沙依巴克区,整套,1居1床2人,0.0,0
22011844,729,七彩云,87.52341165410235,43.84747969925622,万达广场(乌鲁木齐经开店),近中营工地铁站,528,528,乌鲁木齐,沙依巴克区,整套,1居1床2人,0.0,0
21818931,729,绿野仙踪圆床房,87.52234099999997,43.84898313010559,万达广场,近小西沟地铁站,568,568,乌鲁木齐,沙依巴克区,整套,1居1床2人,0.0,0
21818427,729,安缦主题大床房,87.52234099999997,43.84898313010559,万达广场,近小西沟地铁站,568,568,乌鲁木齐,沙依巴克区,整套,1居1床2人,0.0,0
21818490,729,梅花主题圆床房,87.52234099999997,43.84898313010559,万达广场,近小西沟地铁站,568,568,乌鲁木齐,沙依巴克区,整套,1居1床2人,0.0,0
22574462,729,丛林忧郁,87.52341165410235,43.84747969925622,万达广场(乌鲁木齐经开店),近中营工地铁站,528,528,乌鲁木齐,沙依巴克区,整套,1居1床2人,0.0,0
21818231,729,日式风格大床房,87.52234099999997,43.84898313010559,万达广场,近小西沟地铁站,568,568,乌鲁木齐,沙依巴克区,整套,1居1床2人,0.0,0
21816901,729,时尚芭莎大床房,87.52234099999997,43.84898313010559,万达广场,近小西沟地铁站,568,568,乌鲁木齐,沙依巴克区,整套,1居1床2人,0.0,0
21818931,729,绿野仙踪圆床房,87.52234099999997,43.84898313010559,万达广场,近小西沟地铁站,568,568,乌鲁木齐,沙依巴克区,整套,1居1床2人,0.0,0
22011676,729,混搭清新大床房,87.52341165410235,43.84747969925622,万达广场(乌鲁木齐经开店),近中营工地铁站,528,528,乌鲁木齐,沙依巴克区,整套,1居1床2人,0.0,0
21818427,729,安缦主题大床房,87.52234099999997,43.84898313010559,万达广场,近小西沟地铁站,568,568,乌鲁木齐,沙依巴克区,整套,1居1床2人,0.0,0
21816495,729,白色恋人大床房,87.52234099999997,43.84898313010559,万达广场,近小西沟地铁站,568,568,乌鲁木齐,沙依巴克区,整套,1居1床2人,0.0,0
21813793,729,紫色主题圆床房,87.52234099999997,43.84898313010559,万达广场,近小西沟地铁站,568,568,乌鲁木齐,沙依巴克区,整套,1居1床2人,0.0,0
22007770,729,绿光森林,87.52341165410235,43.84747969925622,万达广场(乌鲁木齐经开店),近中营工地铁站,528,528,乌鲁木齐,沙依巴克区,整套,1居1床2人,0.0,0
21817020,729,经典婚房,87.52234099999997,43.84898313010559,万达广场,近小西沟地铁站,568,568,乌鲁木齐,沙依巴克区,整套,1居1床2人,0.0,0
21818910,729,丘比特之爱大床房,87.52234099999997,43.84898313010559,万达广场,近小西沟地铁站,568,568,乌鲁木齐,沙依巴克区,整套,1居1床2人,0.0,0
21818588,729,暗生情愫大床房,87.52234099999997,43.84898313010559,万达广场,近小西沟地铁站,568,568,乌鲁木齐,沙依巴克区,整套,1居1床2人,0.0,0
22010871,729,蝴蝶之翼,87.52341165410235,43.84747969925622,万达广场(乌鲁木齐经开店),近中营工地铁站,528,528,乌鲁木齐,沙依巴克区,整套,1居1床2人,0.0,0
21816873,729,花团锦簇大床房,87.52234099999997,43.84898313010559,万达广场,近小西沟地铁站,568,568,乌鲁木齐,沙依巴克区,整套,1居1床2人,0.0,0
21814066,729,欧式大床房,87.52234099999997,43.84898313010559,万达广场,近小西沟地铁站,568,568,乌鲁木齐,沙依巴克区,整套,1居1床2人,0.0,0
22013916,729,粉红猫大床房,87.52234099999997,43.84898313010559,万达广场,近小西沟地铁站,568,568,乌鲁木齐,沙依巴克区,整套,1居1床2人,0.0,0
22575841,729,冷月残枝,87.52341165410235,43.84747969925622,万达广场(乌鲁木齐经开店),近中营工地铁站,528,528,乌鲁木齐,沙依巴克区,整套,1居1床2人,0.0,0
21818266,729,情定一生圆床房,87.52234099999997,43.84898313010559,万达广场,近小西沟地铁站,568,568,乌鲁木齐,沙依巴克区,整套,1居1床2人,0.0,0
21813618,729,心心相印圆床房,87.52234099999997,43.84898313010559,万达广场,近小西沟地铁站,568,568,乌鲁木齐,沙依巴克区,整套,1居1床2人,0.0,0
21816621,729,红尘往事圆床房,87.52234099999997,43.84898313010559,万达广场,近小西沟地铁站,568,568,乌鲁木齐,沙依巴克区,整套,1居1床2人,0.0,0
22012957,729,白色恋人圆床房,87.52341165410235,43.84747969925622,万达广场(乌鲁木齐经开店),近中营工地铁站,528,528,乌鲁木齐,沙依巴克区,整套,1居1床2人,0.0,0
21818147,729,粉色星空大床房,87.52234099999997,43.84898313010559,万达广场,近小西沟地铁站,568,568,乌鲁木齐,沙依巴克区,整套,1居1床2人,0.0,0
22013685,729,洋娃娃之吻,87.52234099999997,43.84898313010559,万达广场,近小西沟地铁站,568,568,乌鲁木齐,沙依巴克区,整套,1居1床2人,0.0,0
21813702,729,紫色情缘大床房,87.52234099999997,43.84898313010559,万达广场,近小西沟地铁站,568,568,乌鲁木齐,沙依巴克区,整套,1居1床2人,0.0,0
22008498,729,欧式大床房,87.52341165410235,43.84747969925622,万达广场(乌鲁木齐经开店),近中营工地铁站,528,528,乌鲁木齐,沙依巴克区,整套,1居1床2人,0.0,0
21813331,729,凯蒂猫大床房,87.52234099999997,43.84898313010559,万达广场,近小西沟地铁站,568,568,乌鲁木齐,沙依巴克区,整套,1居1床2人,0.0,0
21817454,729,520大床房,87.52234099999997,43.84898313010559,万达广场,近小西沟地铁站,568,568,乌鲁木齐,沙依巴克区,整套,1居1床2人,0.0,0
21813870,729,桃花主题大床房,87.52234099999997,43.84898313010559,万达广场,近小西沟地铁站,568,568,乌鲁木齐,沙依巴克区,整套,1居1床2人,0.0,0
22010906,729,美式大床房,87.52341165410235,43.84747969925622,万达广场(乌鲁木齐经开店),近中营工地铁站,528,528,乌鲁木齐,沙依巴克区,整套,1居1床2人,0.0,0
21817538,729,地中海风格圆床房,87.52234099999997,43.84898313010559,万达广场,近小西沟地铁站,668,668,乌鲁木齐,沙依巴克区,整套,1居1床2人,0.0,0
21817643,729,叶绿花红圆床房,87.52234099999997,43.84898313010559,万达广场,近小西沟地铁站,668,668,乌鲁木齐,沙依巴克区,整套,1居1床2人,0.0,0
22574665,729,天高云淡,87.52341165410235,43.84747969925622,万达广场(乌鲁木齐经开店),近中营工地铁站,528,528,乌鲁木齐,沙依巴克区,整套,1居1床2人,0.0,0
22010850,729,金碧大床房,87.52341165410235,43.84747969925622,万达广场(乌鲁木齐经开店),近中营工地铁站,528,528,乌鲁木齐,沙依巴克区,整套,1居1床2人,0.0,0
22006111,729,白云之下,87.52341165410235,43.84747969925622,万达广场(乌鲁木齐经开店),近中营工地铁站,528,528,乌鲁木齐,沙依巴克区,整套,1居1床2人,0.0,0
21817552,729,红尘情缘圆床房,87.52234099999997,43.84898313010559,万达广场,近小西沟地铁站,668,668,乌鲁木齐,沙依巴克区,整套,1居1床2人,0.0,0
22010409,729,曼莎大床房,87.52341165410235,43.84747969925622,万达广场(乌鲁木齐经开店),近中营工地铁站,528,528,乌鲁木齐,沙依巴克区,整套,1居1床2人,0.0,0
22011606,729,蓝色之恋大床房,87.52341165410235,43.84747969925622,万达广场(乌鲁木齐经开店),近中营工地铁站,528,528,乌鲁木齐,沙依巴克区,整套,1居1床2人,0.0,0
22574756,729,海洋奇缘,87.52341165410235,43.84747969925622,万达广场(乌鲁木齐经开店),近中营工地铁站,528,528,乌鲁木齐,沙依巴克区,整套,1居1床2人,0.0,0
22574224,729,中式大床房,87.52341165410235,43.84747969925622,万达广场(乌鲁木齐经开店),近中营工地铁站,528,528,乌鲁木齐,沙依巴克区,整套,1居1床2人,0.0,0
22009751,729,海绵宝宝,87.52341165410235,43.84747969925622,万达广场(乌鲁木齐经开店),近中营工地铁站,528,528,乌鲁木齐,沙依巴克区,整套,1居1床2人,0.0,0
22009205,729,哆啦A梦,87.52341165410235,43.84747969925622,万达广场(乌鲁木齐经开店),近中营工地铁站,528,528,乌鲁木齐,沙依巴克区,整套,1居1床2人,0.0,0
22574777,729,雾里看花,87.52341165410235,43.84747969925622,万达广场(乌鲁木齐经开店),近中营工地铁站,528,528,乌鲁木齐,沙依巴克区,整套,1居1床2人,0.0,0
22009709,729,普通欧式房,87.52341165410235,43.84747969925622,万达广场(乌鲁木齐经开店),近中营工地铁站,508,508,乌鲁木齐,沙依巴克区,整套,1居1床2人,0.0,0
22573027,729,巴黎之歌,87.52341165410235,43.84747969925622,万达广场(乌鲁木齐经开店),近中营工地铁站,528,528,乌鲁木齐,沙依巴克区,整套,1居1床2人,0.0,0
22009149,729,花前月下,87.52341165410235,43.84747969925622,万达广场(乌鲁木齐经开店),近中营工地铁站,528,528,乌鲁木齐,沙依巴克区,整套,1居1床2人,0.0,0
22010332,729,安缦大床房,87.52341165410235,43.84747969925622,万达广场(乌鲁木齐经开店),近中营工地铁站,528,528,乌鲁木齐,沙依巴克区,整套,1居1床2人,0.0,0
22011886,729,爱是一道光,87.52341165410235,43.84747969925622,万达广场(乌鲁木齐经开店),近中营工地铁站,528,528,乌鲁木齐,沙依巴克区,整套,1居1床2人,0.0,0
22005649,729,hello Kitty,87.52341165410235,43.84747969925622,万达广场(乌鲁木齐经开店),近中营工地铁站,528,528,乌鲁木齐,沙依巴克区,整套,1居1床2人,0.0,0
22009877,729,红尘情缘,87.52341165410235,43.84747969925622,万达广场(乌鲁木齐经开店),近中营工地铁站,528,528,乌鲁木齐,沙依巴克区,整套,1居1床2人,0.0,0
22010948,729,吊篮大床房,87.52341165410235,43.84747969925622,万达广场(乌鲁木齐经开店),近中营工地铁站,528,528,乌鲁木齐,沙依巴克区,整套,1居1床2人,0.0,0
22006846,729,紫色迷情,87.52341165410235,43.84747969925622,万达广场(乌鲁木齐经开店),近中营工地铁站,528,528,乌鲁木齐,沙依巴克区,整套,1居1床2人,0.0,0
22012845,729,滚滚红尘,87.52341165410235,43.84747969925622,万达广场(乌鲁木齐经开店),近中营工地铁站,528,528,乌鲁木齐,沙依巴克区,整套,1居1床2人,0.0,0
22011074,729,浴火成诗,87.52341165410235,43.84747969925622,万达广场(乌鲁木齐经开店),近中营工地铁站,528,528,乌鲁木齐,沙依巴克区,整套,1居1床2人,0.0,0
22006937,729,薰衣草庄园,87.52341165410235,43.84747969925622,万达广场(乌鲁木齐经开店),近中营工地铁站,528,528,乌鲁木齐,沙依巴克区,整套,1居1床2人,0.0,0
22007434,729,绿色森林,87.52341165410235,43.84747969925622,万达广场(乌鲁木齐经开店),近中营工地铁站,528,528,乌鲁木齐,沙依巴克区,整套,1居1床2人,0.0,0
22011522,729,极简主义大床房,87.52341165410235,43.84747969925622,万达广场(乌鲁木齐经开店),近中营工地铁站,528,528,乌鲁木齐,沙依巴克区,整套,1居1床2人,0.0,0
22007504,729,玫瑰奇缘,87.52341165410235,43.84747969925622,万达广场(乌鲁木齐经开店),近中营工地铁站,528,528,乌鲁木齐,沙依巴克区,整套,1居1床2人,0.0,0
22013342,729,红尘旧梦一场空,87.52341165410235,43.84747969925622,万达广场(乌鲁木齐经开店),近中营工地铁站,528,528,乌鲁木齐,沙依巴克区,整套,1居1床2人,0.0,0
22002828,729,玫瑰之约,87.52341165410235,43.84747969925622,万达广场(乌鲁木齐经开店),近中营工地铁站,528,528,乌鲁木齐,沙依巴克区,整套,1居1床2人,0.0,0
22002485,729,因为爱情,87.52341165410235,43.84747969925622,万达广场(乌鲁木齐经开店),近中营工地铁站,528,528,乌鲁木齐,沙依巴克区,整套,1居1床2人,0.0,0
22011256,729,欧式吊篮大床房,87.52341165410235,43.84747969925622,万达广场(乌鲁木齐经开店),近中营工地铁站,528,528,乌鲁木齐,沙依巴克区,整套,1居1床2人,0.0,0
22574819,729,影影憧憧,87.52341165410235,43.84747969925622,万达广场(乌鲁木齐经开店),近中营工地铁站,528,528,乌鲁木齐,沙依巴克区,整套,1居1床2人,0.0,0
22574721,729,少女战士,87.52341165410235,43.84747969925622,万达广场(乌鲁木齐经开店),近中营工地铁站,528,528,乌鲁木齐,沙依巴克区,整套,1居1床2人,0.0,0
22005908,729,满天星,87.52341165410235,43.84747969925622,万达广场(乌鲁木齐经开店),近中营工地铁站,528,528,乌鲁木齐,沙依巴克区,整套,1居1床2人,0.0,0
22005292,729,心心相依,87.52341165410235,43.84747969925622,万达广场(乌鲁木齐经开店),近中营工地铁站,528,528,乌鲁木齐,沙依巴克区,整套,1居1床2人,0.0,0
22009485,729,萌猫岛,87.52341165410235,43.84747969925622,万达广场(乌鲁木齐经开店),近中营工地铁站,528,528,乌鲁木齐,沙依巴克区,整套,1居1床2人,0.0,0
22005747,729,浪漫圆床房,87.52341165410235,43.84747969925622,万达广场(乌鲁木齐经开店),近中营工地铁站,528,528,乌鲁木齐,沙依巴克区,整套,1居1床2人,0.0,0
22013244,729,粉红色的回忆,87.52341165410235,43.84747969925622,万达广场(乌鲁木齐经开店),近中营工地铁站,528,528,乌鲁木齐,沙依巴克区,整套,1居1床2人,0.0,0
22008890,729,飞云之巅,87.52341165410235,43.84747969925622,万达广场(乌鲁木齐经开店),近中营工地铁站,528,528,乌鲁木齐,沙依巴克区,整套,1居1床2人,0.0,0
22008239,729,桃花深处,87.52341165410235,43.84747969925622,万达广场(乌鲁木齐经开店),近中营工地铁站,528,528,乌鲁木齐,沙依巴克区,整套,1居1床2人,0.0,0
22009100,729,海洋之恋,87.52341165410235,43.84747969925622,万达广场(乌鲁木齐经开店),近中营工地铁站,528,528,乌鲁木齐,沙依巴克区,整套,1居1床2人,0.0,0
22007077,729,美少女战士,87.52341165410235,43.84747969925622,万达广场(乌鲁木齐经开店),近中营工地铁站,528,528,乌鲁木齐,沙依巴克区,整套,1居1床2人,0.0,0
22008988,729,倦鸟飞时,87.52341165410235,43.84747969925622,万达广场(乌鲁木齐经开店),近中营工地铁站,528,528,乌鲁木齐,沙依巴克区,整套,1居1床2人,0.0,0
22010724,729,简约大床房,87.52341165410235,43.84747969925622,万达广场(乌鲁木齐经开店),近中营工地铁站,528,528,乌鲁木齐,沙依巴克区,整套,1居1床2人,0.0,0
22007665,729,星光满天,87.52341165410235,43.84747969925622,万达广场(乌鲁木齐经开店),近中营工地铁站,528,528,乌鲁木齐,沙依巴克区,整套,1居1床2人,0.0,0
22013097,729,万丈红尘,87.52341165410235,43.84747969925622,万达广场(乌鲁木齐经开店),近中营工地铁站,528,528,乌鲁木齐,沙依巴克区,整套,1居1床2人,0.0,0
22007343,729,速度与激情,87.52341165410235,43.84747969925622,万达广场(乌鲁木齐经开店),近中营工地铁站,528,528,乌鲁木齐,沙依巴克区,整套,1居1床2人,0.0,0
22010129,729,天使之恋,87.52341165410235,43.84747969925622,万达广场(乌鲁木齐经开店),近中营工地铁站,528,528,乌鲁木齐,沙依巴克区,整套,1居1床2人,0.0,0
22012698,729,擂主大床房,87.52341165410235,43.84747969925622,万达广场(乌鲁木齐经开店),近中营工地铁站,528,528,乌鲁木齐,沙依巴克区,整套,1居1床2人,0.0,0
22011039,729,两情相悦,87.52341165410235,43.84747969925622,万达广场(乌鲁木齐经开店),近中营工地铁站,528,528,乌鲁木齐,沙依巴克区,整套,1居1床2人,0.0,0
22001827,729,半岛时光,87.52341165410235,43.84747969925622,万达广场(乌鲁木齐经开店),近中营工地铁站,540,540,乌鲁木齐,沙依巴克区,整套,1居1床2人,0.0,0
15284193,729,优屋美宿山峦双床房,87.478278,43.510981,水西沟镇南南山丝路小区,,199,199,乌鲁木齐,乌鲁木齐县,整套,1居2床2人,4.8,33
15284207,729,优屋美宿阳明大床房,87.478278,43.510981,水西沟镇南南山丝路小区,,199,199,乌鲁木齐,乌鲁木齐县,整套,1居1床2人,4.7,29
27482099,729,【梦沧澜】星品汇&美居&花田小镇&复式,87.593116,43.878091,蓝调一品C区(长春南路408号),近铁路局地铁站,403,403,乌鲁木齐,新市区,整套,3居3床5人,0.0,0
15195629,729,美式榻榻米投影loft,87.573364,43.855763,乌鲁木齐良住精品酒店,近中营工地铁站,350,350,乌鲁木齐,新市区,整套,1居1床2人,5.0,8
15195727,729,英式影院loft,87.573364,43.855763,乌鲁木齐良住精品酒店,近中营工地铁站,310,310,乌鲁木齐,新市区,整套,1居1床2人,4.9,7
16132600,729,新市区友好商圈loft温馨浪漫之家,87.59304411661583,43.87767511725973,蓝调一品C区(长春路友好商场旁),近铁路局地铁站,428,428,乌鲁木齐,新市区,整套,3居3床5人,5.0,5
14999440,729,三居复式精装大洋房/近机场高铁/创新广场,87.59490212307301,43.90207688122355,文光尚都(公交站),近体育中心地铁站,611,611,乌鲁木齐,新市区,整套,3居3床5人,5.0,14
13881043,729,万达欢乐颂轻奢双层公寓,87.52258852951978,43.84356315324752,万达华府-三期(12号公寓楼),近中营工地铁站,318,318,乌鲁木齐,开发区,整套,1居1床2人,5.0,16
15498785,729,浪漫假日投影loft,87.573364,43.855763,乌鲁木齐良住精品酒店,近中营工地铁站,410,410,乌鲁木齐,新市区,整套,1居1床2人,5.0,3
15188454,729,【ins风】福润德&中营工地铁口&一居室,87.580415,43.855396,裕欣苑(桂林路21号),近中营工地铁站,228,228,乌鲁木齐,新市区,整套,1居1床2人,4.9,9
15839888,729,豆袋榻榻米投影loft,87.57277613614724,43.85659285738391,贵州路北一巷,近中营工地铁站,370,370,乌鲁木齐,新市区,整套,1居1床2人,5.0,2
16120049,729,万达高铁站附近欧式清新大床房,87.52682599999997,43.84209812924347, 莲湖路(楼牌号是6号楼也是2号公寓),近中营工地铁站,200,200,乌鲁木齐,沙依巴克区,整套,1居1床2人,4.6,19
21178368,729,简约时尚的单身公寓,87.52390969366749,43.84338005845465,西山街道 玄武湖路(火车站近在咫尺飞机场10分钟),近中营工地铁站,208,208,乌鲁木齐,沙依巴克区,整套,1居1床2人,5.0,6
16732843,729,【星品汇】美居&友好&卡乐士&肿瘤医院3,87.588093,43.876708,长春苑小区(长沙南路269号),近铁路局地铁站,433,433,乌鲁木齐,新市区,整套,3居3床6人,4.9,7
15195846,729,法式庭院投影loft,87.573364,43.855763,乌鲁木齐良住精品酒店,近中营工地铁站,390,390,乌鲁木齐,新市区,整套,1居1床2人,5.0,2
15135023,729,【二甫de小屋】百商&友好&福润德2居,87.596696,43.869305,美仑环球港(鲤鱼山南路1050号),近小西沟地铁站,333,333,乌鲁木齐,新市区,整套,2居2床4人,4.4,7
15284193,729,优屋美宿山峦双床房,87.478278,43.510981,水西沟镇南南山丝路小区,,199,199,乌鲁木齐,乌鲁木齐县,整套,1居2床2人,4.8,33
15284207,729,优屋美宿阳明大床房,87.478278,43.510981,水西沟镇南南山丝路小区,,199,199,乌鲁木齐,乌鲁木齐县,整套,1居1床2人,4.7,29
11963008,729,【小森林】高铁近机场万达/投影/典雅精致,87.52329819087267,43.83639117873725,玄武湖路(万达广场),近新疆图书馆地铁站,335,335,乌鲁木齐,沙依巴克区,整套,1居1床2人,4.9,5
13920327,729,【棉花屋】美居会展商圈/简约美式北欧生活,87.59217127432268,43.8752122011051,美林花源(长春路友好),近小西沟地铁站,361,361,乌鲁木齐,新市区,整套,2居2床4人,4.9,9
14686554,729,【格子之家】医学院&友好商圈&近师大2居,87.593684,43.84355,新药花园小区(医学院对面),近八楼地铁站,278,278,乌鲁木齐,新市区,整套,2居3床4人,5.0,8
11185014,729,北欧风情简约温馨小屋,87.52434920831934,43.847535650311336,万达广场(乌鲁木齐经开店)(高铁站万达广场),近中营工地铁站,298,298,乌鲁木齐,开发区,整套,1居1床2人,4.9,59
17439864,729,【壹逅】花田小镇&美居商圈&百商旁&3居,87.602935,43.867974,建工师住宅小区(河滩北路1067号),近小西沟地铁站,403,403,乌鲁木齐,新市区,整套,3居3床5人,5.0,4
15696206,729,【清风小筑】百商&美居&花田小镇&2居,87.595756,43.867167,百商广场D座(鲤鱼山南路1046号),近小西沟地铁站,333,333,乌鲁木齐,新市区,整套,2居2床4人,5.0,3
15663110,729,【幸福树】百商广场&花田小镇&2居,87.59581,43.867065,百商广场-B座(鲤鱼山南路1046号),近小西沟地铁站,335,335,乌鲁木齐,新市区,整套,2居2床4人,5.0,4
16867257,729,【MY·邂逅】美亚巨幕&无界悠活广场1居,87.642153,43.830849,新地园大厦(五星北路194号),近八楼地铁站,243,243,乌鲁木齐,水磨沟区,整套,1居1床2人,4.6,3
17035327,729,【轻芸·怡素】美居&花田小镇&三居室,87.59092,43.86517,新洲城市花园瑞景苑(苏州东街366号),近小西沟地铁站,365,365,乌鲁木齐,沙依巴克区,整套,3居3床6人,0.0,0
1074467,729,悦家-友好商业中心＆师大医学院＆美式两居,87.60373049804736,43.83655817833543, 巴州路8号(友好北路区西八家户路24号汇珉园),近八楼地铁站,298,298,乌鲁木齐,沙依巴克区,整套,2居2床4人,4.7,26
14304284,729,【老师的家】温馨2居&南湖广场、美亚巨幕,87.628085,43.825994,锦城花园(苏宁电器旁),近八楼地铁站,365,365,乌鲁木齐,水磨沟区,整套,2居2床4人,4.7,3
16705900,729,距离机场高铁站距离近,87.52683914821014,43.90967089194152,兵团八建北区16号楼,近宣仁墩地铁站,388,388,乌鲁木齐,新市区,整套,2居2床4人,5.0,5
6060028,729,北欧ins风清新小屋超舒适～,87.47706850050777,43.78237744971871,紫金城紫祥园-26号楼,,450,450,乌鲁木齐,沙依巴克区,整套,3居3床6人,4.8,32
25677653,729,【莱茵庄园】近机场&阳光三居,87.496688,43.896712,莱茵庄园3期(迎宾路),近大地窝堡地铁站,433,433,乌鲁木齐,新市区,整套,3居3床6人,0.0,0
13866770,729,疆徕小筑 美居商圈 家庭影院 四张大床房,87.5902571478568,43.87534803633993,友好时尚购物中心(长春南路),近小西沟地铁站,588,588,乌鲁木齐,高新区,整套,4居4床8人,4.9,9
25381763,729,【太阳城】美居&尚品汇美食街&百商3居室,87.595648,43.866958,百商广场A1座(鲤鱼山南路1046号),近小西沟地铁站,390,390,乌鲁木齐,新市区,整套,3居3床5人,0.0,0
24470468,729,【自在小憩】花田小镇&近友好购物&红光山,87.600368,43.876581,御园公馆(银川北路509号),近小西沟地铁站,390,390,乌鲁木齐,新市区,整套,2居2床4人,0.0,0
17189418,729,花田小镇&近肿瘤医院&近机场&近高铁2居,87.5851347223856,43.86763879982035,锦福阁(长春南路118号),近小西沟地铁站,303,303,乌鲁木齐,新市区,整套,2居2床4人,3.8,4
16986467,729,【荣和城】高铁片区&完善园林小区&3居室,87.56085326388786,43.838909854235574,荣和城2期(西城街685号),近新疆图书馆地铁站,433,433,乌鲁木齐,沙依巴克区,整套,3居3床6人,5.0,2
106717,729,【静美】茶榻榻米&万达&商贸城&大3居,87.599205,43.791888,长江路,近火车站,460,460,乌鲁木齐,沙依巴克区,整套,3居3床5人,4.6,58
18663373,729,【美兮】高端小区华凌公寓&华凌玉器城3居,87.627114,43.837763,华凌公寓(南湖北路东2巷188号),近八楼地铁站,382,382,乌鲁木齐,水磨沟区,整套,3居3床6人,5.0,1
19790506,729,【都市馨家】农大&医学院附近&北园春3居,87.574568,43.833856,汇嘉园花园小区北区(平顶山东一路20号),近八楼地铁站,403,403,乌鲁木齐,沙依巴克区,整套,3居3床5人,0.0,0
10801967,729,【绿野仙踪】高铁近机场/万达广场/清新风,87.52499598828652,43.84723658451962,万达广场(乌鲁木齐经开店),近中营工地铁站,295,295,乌鲁木齐,沙依巴克区,整套,1居1床2人,4.9,7
8919121,729,新疆万达广场简约风情屋,87.52772683703685,43.89228097011669,澎湖路(房屋位置不在开发区中亚北路，在高铁站万达广场),近植物园地铁站,298,298,乌鲁木齐,开发区,整套,1居1床2人,4.8,30
20082938,729,乐乐丫秘密小屋,87.52423085468897,43.845548713000895,西山街道 万寿山街,近中营工地铁站,200,200,乌鲁木齐,沙依巴克区,整套,1居1床2人,5.0,3
15814940,729,【朴宿微澜】美居&花田小镇&百商3居室,87.596654,43.866397,百商国际-C座(鲤鱼山南路1046号),近小西沟地铁站,433,433,乌鲁木齐,新市区,整套,3居3床6人,4.8,8
14287386,729,【静静家】核心商圈&铁路局&欢娱购乐2居,87.56907111255354,43.872518772796774,祥和家园B座(铁路局太百购物旁),近铁路局地铁站,333,333,乌鲁木齐,新市区,整套,2居2床4人,4.9,10
15892913,729,【投影木屋】铁路局&爱家超市&科学院2居,87.560585,43.871398,辰信小区(河南西路11号),近铁路局地铁站,330,330,乌鲁木齐,新市区,整套,2居2床4人,4.2,6
15063231,729,冰雪奇缘……高端~豪华   城北中心,87.59289023045302,43.88900953341135,铁路东园小区(新世界广场旁),近铁路局地铁站,417,417,乌鲁木齐,新市区,整套,3居3床6人,5.0,4
17209592,729,【轻居漫舍】博物馆&南湖广场&2居室,87.623424,43.820591,玖轩花苑(新民东街10号),近八楼地铁站,363,363,乌鲁木齐,水磨沟区,整套,2居2床4人,5.0,2
15038269,729,【阳光北欧】百商&美居&花田小镇&3居室,87.596404,43.866902,百商国际(鲤鱼山南路1046号百商国际),近小西沟地铁站,433,433,乌鲁木齐,新市区,整套,3居3床6人,4.5,3
13538967,729,【华晨】小清新复式楼 家居齐全 交通便利,87.58046099999986,43.890650539817806,百信康城果岭(13号楼),近体育中心地铁站,394,394,乌鲁木齐,新市区,整套,2居2床4人,4.6,3
18111227,729,乌鲁木齐站附近/“新疆风情驿站”整套公寓,87.52396299999995,43.84126338943479,YOYO环球港,近中营工地铁站,299,299,乌鲁木齐,头屯河区,整套,1居1床2人,5.0,6
14564481,729,【新悦】文化宫&红山公园&红十月悦动2居,87.601898,43.80614,扬子江路(红十月小区9号楼),近八楼地铁站,402,402,乌鲁木齐,沙依巴克区,整套,2居2床4人,4.3,3
17475865,729,万达 轻奢黑色森林 木子生活,87.52411564888675,43.84777620213497,万达广场(乌鲁木齐经开店),近中营工地铁站,260,260,乌鲁木齐,沙依巴克区,整套,1居1床2人,5.0,1
14011236,729,爱上苏珊/万达/高铁/机场/友好/铁路局,87.52411564888675,43.84778270352204,万达广场(乌鲁木齐经开店)(万达广场),近中营工地铁站,464,464,乌鲁木齐,开发区,整套,1居1床2人,5.0,1
17289182,729,宝能城进高铁、近机场进万达广场观光民宿1,87.52801146942518,43.84252304275929, 莲湖路,近中营工地铁站,218,218,乌鲁木齐,沙依巴克区,整套,1居2床2人,4.8,2
17688483,729,田园雅致清新大床房/现代简约风/火车站,87.52095599999997,43.83765312867814,宝能城,近中营工地铁站,259,259,乌鲁木齐,头屯河区,整套,1居1床2人,5.0,2
1070808,729,「独立摄影师自留地」天山九鼎旁的私宅,87.48413199999996,43.780175120787234,九鼎住宅小区-7号楼(苜蓿沟北路2990号九鼎冻品批发市场旁),,281,281,北京,沙依巴克区,整套,2居2床4人,4.5,7
15884114,729,逸安145平电梯/近红光山/高铁机场,87.61160155286186,43.87337668882121, 南湖北路(距离机场15公里25分钟到达，距离国际大巴扎11公里20分钟，距离希尔顿酒店2.5公里，距离北郊客运站1.5公里，距离乌鲁木齐站8公里15分钟到达。),近小西沟地铁站,502,502,乌鲁木齐,水磨沟区,整套,3居3床4人,4.1,3
312197,729,【消防员之家】德汇万达&商贸城&精致一居,87.597227,43.78912,钱塘江路38号天宝大厦,近火车站,233,233,乌鲁木齐,沙依巴克区,整套,1居1床2人,4.6,22
373623,729,【趣书吧】高端&读者之家&红山公园3居,87.601765,43.8055,红十月小区东一区,近八楼地铁站,560,560,乌鲁木齐,沙依巴克区,整套,3居3床6人,4.9,38
12162102,729,民谣【大冰小屋】&汇嘉时代&植物园&财经,87.55187861280456,43.88135574355514,和兴润园2期(西南门),近体育中心地铁站,354,354,乌鲁木齐,新市区,整套,1居1床2人,4.7,4
24689680,729,【转角】近博物馆&友好百盛&德汇万达3居,87.602987,43.805379,红十月花园小区东1区(扬子江路),近八楼地铁站,422,422,乌鲁木齐,沙依巴克区,整套,3居3床6人,0.0,0
15850178,729,仅长租/友好商圈/新中式轻奢/双卧电梯房,87.5792693464533,43.8083500077763, 西山路高架,近八楼地铁站,296,296,乌鲁木齐,沙依巴克区,整套,2居2床3人,4.3,6
17347107,729,【悠然拾光】粮校&美食街-警察学院1居,87.577163,43.906069,绿园小区(唐山路)(喀什东路),近植物园地铁站,333,333,乌鲁木齐,新市区,整套,1居2床4人,4.3,3
12758908,729,豪华大床房,87.552287,43.923125,罗马广场(常州街-111号),近三工地铁站,199,199,乌鲁木齐,新市区,整套,1居1床2人,4.6,3
15284193,729,优屋美宿山峦双床房,87.478278,43.510981,水西沟镇南南山丝路小区,,199,199,乌鲁木齐,乌鲁木齐县,整套,1居2床2人,4.8,33
15284207,729,优屋美宿阳明大床房,87.478278,43.510981,水西沟镇南南山丝路小区,,199,199,乌鲁木齐,乌鲁木齐县,整套,1居1床2人,4.7,29
18188717,729,火车站农大温馨三居室,87.56552599999998,43.82085312648099,美和苑,近八楼地铁站,380,380,乌鲁木齐,沙依巴克区,整套,3居3床6人,5.0,1
1118830,729,【卡萨布兰卡】高铁近机场、万达摩洛哥风情,87.52434920831934,43.84750964465025,万达广场(乌鲁木齐经开店),近中营工地铁站,372,372,乌鲁木齐,沙依巴克区,整套,1居2床2人,4.7,24
17306794,729,【MY美宿】近师大&近会展&万科&近美居,87.59434999999998,43.914876,三工街道 (喀什东路257号),近植物园地铁站,403,403,乌鲁木齐,新市区,整套,3居3床6人,5.0,3
24773792,729,【七季城】近万达‖大巴扎‖商贸城‖火车南,87.59422499999997,43.791921122483316,七季城,近火车站,427,427,乌鲁木齐,沙依巴克区,整套,3居3床6人,0.0,0
11193085,729,高铁站万达轻松温暖投影大床房,87.52321734337677,43.846053309406834, 万寿山街(开发区万达),近中营工地铁站,363,363,乌鲁木齐,沙依巴克区,整套,1居1床2人,4.9,17
19954131,729,仅长租/友好商圈/地中海风格/整租电梯房,87.58381831817826,43.80847514062585,绿城翡翠园2期,近八楼地铁站,400,400,乌鲁木齐,沙依巴克区,整套,2居2床4人,0.0,0
6493741,729,【酒香】北园春干果&农大&机场高速&2居,87.570718,43.82406,克拉玛依西街天恒基·府城花苑(A栋2单元),近八楼地铁站,333,333,乌鲁木齐,沙依巴克区,整套,2居2床4人,4.8,10
17100399,729,【悦来悦漫】美居&肿瘤医院&3居室,87.5812660242349,43.8652826773132,苏州花园1期(苏州东路68号),近小西沟地铁站,373,373,乌鲁木齐,新市区,整套,3居3床6人,2.8,1
1074788,729,紫色海岸]北门红山公园南湖广场老城两居,87.62623501926105,43.82207064195207,荣昌小区,近八楼地铁站,372,372,乌鲁木齐,水磨沟区,整套,2居2床3人,4.9,7
104409,729,【美聚】花田小镇&美居&桌球&红酒大2居,87.58528251115764,43.86688997672559,御景苑3号楼(苏州东街),近小西沟地铁站,460,460,乌鲁木齐,新市区,整套,2居3床4人,4.7,24
217453,729,简约的奢华/北京路铁路局环窗卧室4,87.57236,43.878729,江苏东路-道路,近铁路局地铁站,500,500,乌鲁木齐,新市区,整套,2居2床4人,4.9,9
18223794,729,乌鲁木齐站/机场/万达温馨北欧风格大床房,87.5249182621956,43.84750472668062,乌鲁木齐经开万达广场17号公寓(乌鲁木齐站直线距离800米，万达宝能yoyo盛达商圈),近中营工地铁站,233,233,乌鲁木齐,沙依巴克区,整套,1居1床2人,5.0,1
13678680,729,【婚纱】万达/高铁站/机场/友好/铁路局,87.60430145263672,43.80739974975586,万达广场(乌鲁木齐经开店),近八楼地铁站,445,445,乌鲁木齐,沙依巴克区,整套,1居1床2人,0.0,0
14900089,729,友好商圈主题公寓孔雀粉,87.6031485676546,43.83535074768257,汇珉园(巴州路汇珉园小区),近八楼地铁站,480,480,乌鲁木齐,沙依巴克区,整套,2居2床4人,5.0,12
14138027,729,高铁站和万达广场之间宝能城公寓,87.52779870147765,43.842171741034626,宝能城二号公寓楼,近中营工地铁站,322,322,乌鲁木齐,新市区,整套,1居1床2人,5.0,1
20065704,729,飞机场火车站新农大温馨2居室,87.55886499999997,43.814967125689165,美和苑,近八楼地铁站,400,400,乌鲁木齐,沙依巴克区,整套,2居3床5人,0.0,0
18743348,729,铁路局汇嘉太百友好近机场高铁法式轻奢复式,87.55710143987062,43.87424587007051,南纬路街道 江苏西路199号,近铁路局地铁站,584,584,乌鲁木齐,新市区,整套,3居4床6人,0.0,0
13324186,729,【一品居】红山&百盛&人民公园&大3居,87.602072,43.805318, 扬子江路(红十月小区),近八楼地铁站,433,433,乌鲁木齐,沙依巴克区,整套,3居3床6人,4.8,11
24747479,729,【流连小筑】万达‖大巴扎‖商贸城‖博物馆,87.59254599999996,43.797727123306466,宝山壹号,近八楼地铁站,372,372,乌鲁木齐,沙依巴克区,整套,2居2床4人,0.0,0
19790268,729,【小时光】新农大&美美百货&汇嘉2居室,87.573875,43.831365,汇嘉园花园小区南区(平顶山东一路238号),近八楼地铁站,403,403,乌鲁木齐,沙依巴克区,整套,2居2床4人,0.0,0
15063161,729,海洋之星 @ 有氧之约    商圈&美食,87.59222729983082,43.89273499178106,英澳北岸,近体育中心地铁站,460,460,乌鲁木齐,新市区,整套,2居2床4人,5.0,5
16613486,729,宝零陆 近万达广场 近高铁站 近机场,87.52699476964146,43.843194433961536,宝能城1号公寓楼,近中营工地铁站,245,245,乌鲁木齐,新市区,整套,1居2床3人,5.0,4
13217485,729,高铁站 友好商圈 木子生活7,87.56466515960715,43.83392012515286,荣和城·美郡,近新疆图书馆地铁站,343,343,乌鲁木齐,沙依巴克区,整套,2居2床4人,4.3,10
20131693,729,宝能城民宿2近高铁近机场近万达广场,87.52784001086134,43.84246557134799,莲湖路,近中营工地铁站,233,233,乌鲁木齐,沙依巴克区,整套,1居1床2人,0.0,0
20132106,729,【宝能城精装修现代简约风格民宿5】近机场,87.52784001086134,43.84246557134799,莲湖路,近中营工地铁站,238,238,乌鲁木齐,沙依巴克区,整套,1居1床2人,0.0,0
14630750,729,高铁万达地中海风格公寓,87.56213193806902,43.833048729049956,荣和城-4期(西城街),近新疆图书馆地铁站,288,288,乌鲁木齐,沙依巴克区,整套,2居2床4人,5.0,7
16591149,729,万达广场/高铁站,87.52502890089377,43.8474804097824, 玄武湖路(万达广场17号公寓),近中营工地铁站,280,280,乌鲁木齐,沙依巴克区,整套,1居1床2人,4.9,2
11177685,729,【仅月租】紧邻中医院、火车站、人民医院,87.60863721432057,43.79895017854197, 黄河路1号,近八楼地铁站,258,258,乌鲁木齐,沙依巴克区,整套,2居3床5人,4.9,8
15751170,729,铁路局*汇嘉*商务民宿,87.56333566745238,43.881957130052434,西部豪庭,近体育中心地铁站,365,365,乌鲁木齐,新市区,整套,2居2床3人,5.0,7
15760242,729,温馨干净舒适房间|近机场|高铁站|万达,87.49648099999996,43.856231130995056,时代橙堡,,294,294,乌鲁木齐,新市区,整套,3居2床3人,5.0,4
19931983,729,万达广场高铁飞机场/韩式简约风/私人影院,87.52483761946641,43.84757805481617,万达广场(乌鲁木齐经开店)(万达公寓),近中营工地铁站,371,371,乌鲁木齐,开发区,整套,1居1床2人,5.0,5
12760154,729,豪华双床房,87.552287,43.923125,罗马广场(常州街-111号),近三工地铁站,199,199,乌鲁木齐,新市区,整套,1居2床2人,0.0,0
14855352,729,万达高铁商圈逸苑,87.52496903912123,43.848478347816204, 玄武湖路,近中营工地铁站,335,335,乌鲁木齐,沙依巴克区,整套,1居1床2人,5.0,4
17330741,729,【Q萌雅舍】高新万达广场&众和家园2居,87.567824,43.918451,众和家园(长春北路宁波街88号),近迎宾路口地铁站,333,333,乌鲁木齐,新市区,整套,2居2床4人,5.0,1
9270402,729,紫庭/万达/飞机场/高铁站/预定先沟通,87.52244480063818,43.85102030561803,澎湖路-道路(万达广场楼上),近小西沟地铁站,373,373,乌鲁木齐,头屯河区,整套,1居1床2人,5.0,4
3120441,729,温馨华子家友好商圈,87.56125159866923,43.83328283672447,西环中路辅路(荣和城4期-F区),近新疆图书馆地铁站,242,242,乌鲁木齐,沙依巴克区,整套,1居1床2人,4.6,9
15527590,729,WO居   &  休闲生活………宅美  ,87.580461,43.89065,百信康城果岭,近体育中心地铁站,368,368,乌鲁木齐,新市区,整套,2居2床4人,5.0,2
216435,729,简约的奢华/北京路铁路局环窗卧室3,87.572306,43.879285,江苏东路-道路,近铁路局地铁站,500,500,乌鲁木齐,新市区,整套,2居2床4人,4.9,9
20131861,729,【宝能城现代简约风格民宿3】高层观光房,87.52784001086134,43.84246557134799,莲湖路,近中营工地铁站,238,238,乌鲁木齐,沙依巴克区,整套,1居2床2人,0.0,0
20112527,729,舒适温馨的小家碧玉风格,87.52390969366749,43.84338005845465,西山街道 玄武湖路,近中营工地铁站,298,298,乌鲁木齐,沙依巴克区,整套,1居1床2人,0.0,0
268552,729,【大海道】红山&百盛&公园&红十月大3居,87.603004838773,43.805306927396785,文化宫扬子江路红十月小区,近八楼地铁站,460,460,乌鲁木齐,沙依巴克区,整套,3居3床5人,4.8,22
6641658,729,✺优居 ✺红山.博物馆.友好商圈精装修,87.57133956954628,43.85016216326488,阿勒泰路辅路,近中营工地铁站,568,568,乌鲁木齐,沙依巴克区,整套,3居4床6人,5.0,41
19793957,729,【道文化】友好核心商圈&美美博物馆&科学,87.592407,43.826105,友好南路街道 西北路458(博物馆对面，新疆大学旁边，美美商场),近八楼地铁站,390,390,乌鲁木齐,沙依巴克区,整套,2居2床4人,0.0,0
16344756,729,近机场高铁高清投影标间,87.52425032950767,43.8467750548937,乌鲁木齐经济技术开发区街道万寿山街63(16号公寓),近中营工地铁站,240,240,乌鲁木齐,新市区,整套,1居2床4人,5.0,2
1984381,729,【老友记】友好核心商圈大3居&美美喜来登,87.597733524819,43.82667904503604,明慧园(友好北路明慧园),近八楼地铁站,460,460,乌鲁木齐,沙依巴克区,整套,3居3床6人,4.1,23
19931269,729,怡适Home’s—时尚元素（万达高铁旁）,87.52411999999997,43.84778112995627,万达广场(乌鲁木齐经开店)(玄武湖路999号万达广场17号公寓),近中营工地铁站,343,343,乌鲁木齐,开发区,整套,1居1床2人,5.0,3
20096385,729,机场/经开万达广场公寓，随意混搭风格,87.5243497932694,43.84753628880758,万达广场(乌鲁木齐经开店)(玄武湖路999号万达广场),近中营工地铁站,238,238,乌鲁木齐,开发区,整套,1居1床2人,0.0,0
15284193,729,优屋美宿山峦双床房,87.478278,43.510981,水西沟镇南南山丝路小区,,199,199,乌鲁木齐,乌鲁木齐县,整套,1居2床2人,4.8,33
15284207,729,优屋美宿阳明大床房,87.478278,43.510981,水西沟镇南南山丝路小区,,199,199,乌鲁木齐,乌鲁木齐县,整套,1居1床2人,4.7,29
15284200,729,优屋美宿商务套房,87.478278,43.510981,水西沟镇南南山丝路小区,,299,299,乌鲁木齐,乌鲁木齐县,整套,1居1床2人,4.0,7
18707585,729,Darkshire(欧式夜色镇),87.52411999999997,43.84778112995627,万达广场(乌鲁木齐经开店),近中营工地铁站,268,268,乌鲁木齐,新市区,整套,1居1床2人,5.0,2
20029339,729,万达广场，机场，高铁站，逸居,87.52417806266655,43.84796830553824,乌鲁木齐经开万达广场17号公寓,近中营工地铁站,282,282,乌鲁木齐,新市区,整套,1居2床4人,5.0,1
21815368,729,【理想·雅居】&近万达&近机场&近红光山,87.57416,43.915891,新馨美寓(长春北路),近迎宾路口地铁站,403,403,乌鲁木齐,新市区,整套,3居3床6人,0.0,0
12637003,729,泥尚/万达/高铁站/飞机场/预定请先沟通,87.52444802192544,43.84704804226616, 玄武湖路(万达广场楼上),近中营工地铁站,373,373,乌鲁木齐,沙依巴克区,整套,1居1床2人,5.0,3
22667772,729,火车站/机场/万达广场/巨幕投影大床房,87.52095599999997,43.83765312867814,宝能城,近中营工地铁站,261,261,乌鲁木齐,头屯河区,整套,1居1床2人,0.0,0
11965311,729,长租友好路三居/出门地铁BRT,87.59446195337311,43.83478500562904,泰和小区(友好路巴州大酒店对面),近八楼地铁站,469,469,乌鲁木齐,沙依巴克区,整套,3居3床5人,4.7,9
20038222,729,小西沟日租短租简约小屋,87.57671299999994,43.86491226407088,康普小区-2号楼,近小西沟地铁站,99,99,乌鲁木齐,新市区,,2居1床1人,5.0,2
19790926,729,【海悦星辰】近万达&宝能城&近高铁站,87.523717,43.847606,万达华府(澎湖路),近中营工地铁站,360,360,乌鲁木齐,开发区,整套,2居2床4人,5.0,2
19799711,729,万达广场@三生三世十里桃花,87.52450946156907,43.84774525398649,西山街道 玄武湖路(经开区万达广场18号公寓),近中营工地铁站,335,335,乌鲁木齐,沙依巴克区,整套,1居1床2人,5.0,1
20083666,729,偶然间·【蓝色空间】,87.58954685514895,43.87452472817548,友好时尚购物中心(长春南路),近小西沟地铁站,431,431,乌鲁木齐,高新区,整套,4居4床7人,0.0,0
21174623,729,【缤纷小屋】美美&百盛&新世纪&博物馆,87.591848,43.829365,地矿局西院(友好北路442号),近八楼地铁站,388,388,乌鲁木齐,沙依巴克区,整套,2居2床4人,0.0,0
17077796,729,【沐舍未见】近机场2居,87.537687,43.94373,阳光恒昌万象天地(北京北路3999号),近宣仁墩地铁站,333,333,乌鲁木齐,新市区,整套,2居2床4人,0.0,0
17124976,729,【凡舍风尚】近万达&植物园&近机场2居室,87.584091,43.913949,颐园成功小区(四平路2565号),近迎宾路口地铁站,333,333,乌鲁木齐,新市区,整套,2居2床4人,1.0,1
14976319,729,【归宿】高铁/火车站/飞机场附近万达广场,87.52431327609894,43.84510407162476, 万寿山街(在乌鲁木齐高铁站附近),近中营工地铁站,226,226,乌鲁木齐,沙依巴克区,整套,1居1床2人,5.0,2
20096266,729,【青柠】高铁站/万达广场/宝能城/近机场,87.5243497932694,43.84753628880758,万达广场(乌鲁木齐经开店)(玄武湖路999号万达广场),近中营工地铁站,248,248,乌鲁木齐,开发区,整套,1居1床2人,0.0,0
144873,729,豪华大床房A1,87.5994744981188,43.82121858452921,友好南路148号(友好南路),近八楼地铁站,330,330,乌鲁木齐,沙依巴克区,整套,1居1床2人,4.7,11
17435104,729,美堡/尊享奢华巨幕投影/高铁站万达近机场,87.52434920831934,43.84750964465025,万达广场(乌鲁木齐经开店),近中营工地铁站,357,357,乌鲁木齐,沙依巴克区,整套,1居1床2人,5.0,1
17697520,729,金色花苑：友好商圈中心，大商喜运来中心旁,87.60004799999996,43.82004512637296,金色花苑,近八楼地铁站,325,325,乌鲁木齐,沙依巴克区,整套,2居2床4人,5.0,1
14721274,729,【钢琴之家】友好商圈&近地铁-师大&美美,87.594603,43.834939,泰和小区(巴州路300号),近八楼地铁站,388,388,乌鲁木齐,沙依巴克区,整套,2居2床4人,4.9,8
11718708,729,友好，高铁商圈杰子4,87.56466515960715,43.83392012515286,荣和城·美郡,近新疆图书馆地铁站,230,230,乌鲁木齐,沙依巴克区,整套,1居1床2人,4.1,3
16186899,729,紧邻高铁站万达广场，简约舒适大床房,87.5268279999999,43.84468738870886,宝能城(宝能公寓7号楼),近中营工地铁站,291,291,乌鲁木齐,高新区,整套,1居1床2人,5.0,1
22575708,729,【素居1】地王商城&德汇万达&国际大巴扎,87.598757,43.780807,地王杰座(炉院街333号),近火车站,398,398,乌鲁木齐,沙依巴克区,整套,3居3床6人,0.0,0
17476614,729,友好 近火车站 高层家居小区,87.55423599999997,43.83312112809477,荣和城(荣和城四期F区),近新疆图书馆地铁站,343,343,乌鲁木齐,沙依巴克区,整套,2居2床4人,0.0,0
5870006,729,子夜阑珊/万达/高铁/机场/订房先联系,87.52444802192544,43.84715206565263,乌鲁木齐万达广场,近中营工地铁站,381,381,乌鲁木齐,新市区,整套,1居1床2人,4.9,35
15985327,729,【金秋驿站】高铁站/机场/万达/亲子房,87.43569946289062,43.882999420166016,宝能城2号楼(6号公寓楼),近国际机场地铁站,256,256,乌鲁木齐,头屯河区,整套,1居2床3人,1.0,1
14148576,729,万达广场高铁站之间宝能城公寓高层观光房,87.5259481921271,43.851072313845854,宝能城二号公寓楼(宝能城二号公寓楼39楼),近小西沟地铁站,325,325,乌鲁木齐,新市区,整套,1居2床2人,4.8,6
11298757,729,高铁站万达雅致温馨公寓,87.52494208995593,43.84767217984464,万达广场(乌鲁木齐经开店)(靠近高铁站),近中营工地铁站,373,373,乌鲁木齐,开发区,整套,1居1床2人,5.0,6
14344177,729,高铁站与万达广场之间宝能城39楼丝路民宿,87.52524751382933,43.84560469892613, 玄武湖路(宝能城六号楼二号公寓),近中营工地铁站,315,315,乌鲁木齐,沙依巴克区,整套,1居1床2人,5.0,1
18446576,729,乌鲁木齐站/万达广场/机场欧式风格大床房,87.52411999999997,43.84778112995627,万达广场(乌鲁木齐经开店)(乌鲁木齐站直线距离800米，万达宝能yoyo盛达商圈),近中营工地铁站,233,233,乌鲁木齐,沙依巴克区,整套,1居2床4人,5.0,1
20083113,729,【温馨满屋】近高铁&近机场&近汇嘉-友好,87.529163,43.878148,石油新村小区(西环北路2219号22号楼),近体育中心地铁站,360,360,乌鲁木齐,新市区,整套,2居2床4人,0.0,0
17335494,729,【壹朵】花田小镇&近肿瘤医院&近机场2居,87.5851347223856,43.86763879982035,锦福阁(长春南路118号),近小西沟地铁站,333,333,乌鲁木齐,新市区,整套,2居2床4人,4.5,1
18923850,729,【栖悦】新职大&师范大学&近博物馆2居,87.600634,43.835581,德馨苑(正门)(巴州路144号新疆职业大学),近八楼地铁站,333,333,乌鲁木齐,沙依巴克区,整套,2居2床4人,0.0,0
15785386,729,南湖3居温馨的家,87.63768590900355,43.84000814593095,南湖东湾小区,近八楼地铁站,586,586,乌鲁木齐,水磨沟区,整套,3居3床5人,5.0,3
10391221,729,【归雁】高铁站/近机场/万达/干净温馨,87.52487920857023,43.846963523130135,万达广场(乌鲁木齐经开店),近中营工地铁站,287,287,乌鲁木齐,沙依巴克区,整套,1居1床2人,4.8,3
22576569,729,【素居2】地王商城&德汇万达&国际大巴扎,87.59877,43.78101,地王杰座(炉院街333号),近火车站,398,398,乌鲁木齐,沙依巴克区,整套,3居3床6人,0.0,0
15188419,729,近高铁火车站后现代高清投影,87.52411999999997,43.84778112995627,万达广场(乌鲁木齐经开店)(16号公寓),近中营工地铁站,248,248,乌鲁木齐,头屯河区,整套,1居2床3人,5.0,2
18812193,729,【融舍】新职大&师范大学&近博物馆2居,87.6006343095713,43.835372869799464,德馨苑(正门)(巴州路144号),近八楼地铁站,333,333,乌鲁木齐,沙依巴克区,整套,2居2床4人,0.0,0
1712235,729,美轮美奂/万达/高铁/机场/友好/铁路局,87.52433599999993,43.84752225984808,乌鲁木齐万达广场,近中营工地铁站,310,310,乌鲁木齐,开发区,整套,1居1床2人,5.0,62
11715271,729,友好，高铁商圈杰子生活2,87.56466515960715,43.83392012515286,荣和城·美郡,近新疆图书馆地铁站,343,343,乌鲁木齐,沙依巴克区,整套,2居2床4人,5.0,10
22349902,729,万达/高铁机场/快乐幸福小屋(❁´◡,87.52623837003357,43.84580771438832,西山街道 万寿山街(万达广场公寓楼，大型商超，高铁附近，交通便利),近中营工地铁站,200,200,乌鲁木齐,沙依巴克区,整套,1居1床2人,0.0,0
11963701,729,光影流年/万达/高铁/机场/友好/铁路局,87.52411564888675,43.84777620213497,万达广场(乌鲁木齐经开店)(万达公寓),近中营工地铁站,373,373,乌鲁木齐,新市区,整套,1居1床2人,5.0,2
22576821,729,【素居3】地王商城&德汇万达&国际大巴扎,87.598833,43.780841,地王杰座(炉院街333号),近火车站,398,398,乌鲁木齐,沙依巴克区,整套,3居3床6人,0.0,0
12281844,729,【归程】近火车站机场万达广场现代风格公寓,87.52468991074868,43.84695623853331, 玄武湖路(万达广场16号公寓),近中营工地铁站,242,242,乌鲁木齐,沙依巴克区,整套,1居2床3人,4.9,12
6493832,729,【万达广场】高铁站&小绿谷&格林舒适2居,87.532345,43.829538,格林威治城(C区6栋1单元),近新疆图书馆地铁站,388,388,乌鲁木齐,沙依巴克区,整套,2居2床4人,4.9,7
19791101,729,【梦中蓝鲸】植物园&奥龙广场&2居,87.576793,43.890305,星汇立方,近体育中心地铁站,333,333,乌鲁木齐,新市区,整套,2居2床4人,0.0,0
20052999,729,宜家清新风格，近地铁、BRT，机场、高铁,87.56763208188605,43.85239896235468,汇珊花园小区,近中营工地铁站,373,373,乌鲁木齐,沙依巴克区,整套,2居2床3人,5.0,1
15284200,729,优屋美宿商务套房,87.478278,43.510981,水西沟镇南南山丝路小区,,299,299,乌鲁木齐,乌鲁木齐县,整套,1居1床2人,4.0,7
15284207,729,优屋美宿阳明大床房,87.478278,43.510981,水西沟镇南南山丝路小区,,199,199,乌鲁木齐,乌鲁木齐县,整套,1居1床2人,4.7,29
15284193,729,优屋美宿山峦双床房,87.478278,43.510981,水西沟镇南南山丝路小区,,199,199,乌鲁木齐,乌鲁木齐县,整套,1居2床2人,4.8,33
12434731,729,先咨询花路kaws潮拍基地近商圈新客站,87.538189,43.806649, 西山西街352(中豪润园),近火车站,180,180,乌鲁木齐,沙依巴克区,,3居2床3人,4.3,6
17189096,729,【乐享】精致民宿,87.52435081392152,43.8452809053177,万达华府,近中营工地铁站,268,268,乌鲁木齐,开发区,整套,1居2床4人,0.0,0
11240328,729,高铁站万达广场舒适简约大床房,87.52466361524783,43.84762016863096,万达广场(乌鲁木齐经开店)(靠近乌鲁木齐高铁站),近中营工地铁站,303,303,乌鲁木齐,开发区,整套,1居1床2人,5.0,9
19790107,729,【心中星】植物园&汇嘉时代&太百&西单商,87.564482,43.880298,新中星花园(北京中路65号),近铁路局地铁站,388,388,乌鲁木齐,新市区,整套,2居2床4人,3.8,1
15204141,729,万达&高铁&逸乐,87.52411564888675,43.84778270352204,万达广场(乌鲁木齐经开店),近中营工地铁站,460,460,乌鲁木齐,头屯河区,整套,2居2床4人,0.0,0
19788721,729,【一米阳光】新市区政府&创新广场&2居室,87.598858,43.901187,金茂·城市花园(京疆路58号),近体育中心地铁站,388,388,乌鲁木齐,新市区,整套,2居2床4人,3.8,1
19790800,729,【马术之家】优雅2居&会展中心&赛博特,87.606005,43.896158,锦绣山河(鲤鱼山北路375号),近体育中心地铁站,360,360,乌鲁木齐,新市区,整套,2居2床4人,0.0,0
18267243,729,【肆悦拾光】近铁路局&近医院&近汇嘉商圈,87.555253,43.880092,北辰公寓(北纬三路222号北辰公寓),近体育中心地铁站,360,360,乌鲁木齐,新市区,整套,2居2床4人,0.0,0
8904099,729,【深邃】万达/机场/高铁//预订请先沟通,87.52476242885393,43.847821711829525,玄武湖路,近中营工地铁站,373,373,乌鲁木齐,沙依巴克区,整套,1居1床2人,5.0,6
16336496,729,拎包入住/2米乘以1.8米大床,87.52828205730795,43.806991122657614,德源西城印象西区(西门),,360,360,乌鲁木齐,沙依巴克区,整套,3居3床5人,0.0,0
2936983,729,友好商圈木子生活,87.56200617529761,43.83478500562904,荣和城四期F区,近新疆图书馆地铁站,360,360,乌鲁木齐,沙依巴克区,整套,2居2床4人,4.8,23
15687260,729,暖洋洋的家,87.637697,43.837368,南湖人防小区,近八楼地铁站,512,512,乌鲁木齐,水磨沟区,整套,3居3床6人,0.0,0
12446239,729, 摩登时代 ,87.52349219764073,43.845289132881675, 万寿山街(万达公寓),近中营工地铁站,284,284,乌鲁木齐,沙依巴克区,整套,1居1床2人,0.0,0
16613983,729,宝零捌 近高铁站 近万达广场 近机场,87.52770834230219,43.84367350918059,宝能城1号公寓楼,近中营工地铁站,245,245,乌鲁木齐,新市区,整套,1居2床3人,4.8,2
15223804,729,万达&高铁&逸然,87.52411564888675,43.84778270352204,万达广场(乌鲁木齐经开店)(万达十六号公寓),近中营工地铁站,360,360,乌鲁木齐,头屯河区,整套,1居1床2人,0.0,0
17314081,729,景观豪华大床房带浴缸,87.423346,43.453158,乌鲁木齐猫窝客栈,,689,689,乌鲁木齐,乌鲁木齐县,整套,1居1床2人,4.8,1
12125541,729,【归心】高铁近机场万达广场北欧风情,87.52468991074868,43.84695623853331, 玄武湖路(万达广场16号公寓),近中营工地铁站,252,252,乌鲁木齐,沙依巴克区,整套,1居2床3人,5.0,21
421309,729,乌鲁木齐高铁 万达广场公寓一室,87.525087,43.848545,玄武湖路999号万达广场,近中营工地铁站,288,288,乌鲁木齐,开发区,整套,1居1床2人,5.0,2
17110801,729,【自在时光】万达广场&植物园&2居,87.570881,43.918185,御园印象(长春北路1055号),近迎宾路口地铁站,333,333,乌鲁木齐,新市区,整套,2居2床4人,5.0,1
18113572,729,了了心•欢喜,87.45883999999997,43.468339065128234,了了心客栈,,466,466,乌鲁木齐,乌鲁木齐县,整套,1居2床3人,5.0,2
17475193,729,万达 阳光商务音乐房 木子生活,87.52411564888675,43.84777620213497,万达广场(乌鲁木齐经开店),近中营工地铁站,260,260,乌鲁木齐,沙依巴克区,整套,1居1床2人,0.0,0
10180157,729,万达/高铁/机场/简约风格,87.524357,43.847516,万达广场(乌鲁木齐经开店)(玄武湖路999号万达广场18号公寓),近中营工地铁站,288,288,乌鲁木齐,沙依巴克区,整套,1居1床2人,4.8,2
21722835,729,高铁万达☞舒适大一居☜,87.52411999999993,43.84778125991255,万达广场(乌鲁木齐经开店),近中营工地铁站,238,238,乌鲁木齐,开发区,整套,1居1床2人,0.0,0
5958997,729,闲宿公寓（乌鲁木齐站万达广场）有窗标间,87.52186983744174,43.8458054036602,云台山街(经开万达广场 乌鲁木齐站高铁站万达广场),近中营工地铁站,167,167,乌鲁木齐,沙依巴克区,整套,1居2床2人,4.9,4
16719081,729,客来轩@民宿,87.52779999999997,43.84217312925295,宝能城二号公寓楼(宝能城玄武湖路666号),近中营工地铁站,211,211,乌鲁木齐,新市区,整套,1居2床2人,0.0,0
12446484,729,摩登时代  ,87.52349219764073,43.845289132881675, 万寿山街(万达公寓),近中营工地铁站,284,284,乌鲁木齐,沙依巴克区,整套,1居1床2人,3.3,1
17111697,729,【鹿の生活】万达广场&植物园&3居,87.570881,43.918185,御园印象(长春北路1055号),近迎宾路口地铁站,403,403,乌鲁木齐,新市区,整套,3居3床6人,0.0,0
16613731,729,宝零柒 近高铁站 近万达广场 近机场,87.52770834230219,43.84367350918059,宝能城1号公寓楼,近中营工地铁站,245,245,乌鲁木齐,新市区,整套,1居2床3人,5.0,3
4136540,729,商务大床房,87.552287,43.923125,罗马广场(常州街-111号),近三工地铁站,199,199,乌鲁木齐,新市区,整套,1居1床2人,0.0,0
14475833,729,【归居】近火车站万达公寓轻奢风高清投影,87.52425032950767,43.84677479523191,乌鲁木齐经济技术开发区街道万寿山街63(16号公寓),近中营工地铁站,242,242,乌鲁木齐,新市区,整套,1居2床3人,5.0,2
18736082,729,回眸一笑,87.622697,43.873984,七道湾街道 会盛巷,近小西沟地铁站,78,78,吐鲁番,水磨沟区,整套,1居1床2人,5.0,1
17472617,729,万达 粉色洛丽塔单身公寓,87.52411564888675,43.84777620213497,万达广场(乌鲁木齐经开店),近中营工地铁站,260,260,乌鲁木齐,沙依巴克区,整套,1居1床2人,0.0,0
15158676,729,美轮美奂/万达/高铁/机场/铁路局/友好,87.52453685792413,43.84692816654039,万达广场(乌鲁木齐经开店),近中营工地铁站,304,304,乌鲁木齐,开发区,整套,1居1床2人,0.0,0
17474598,729,万达 简约家居 木子生活,87.52411564888675,43.84777620213497,万达广场(乌鲁木齐经开店),近中营工地铁站,250,250,乌鲁木齐,沙依巴克区,整套,1居1床2人,0.0,0
12760868,729,豪华房大床房,87.552287,43.923125,罗马广场(常州街-111号),近三工地铁站,268,268,乌鲁木齐,新市区,整套,1居1床2人,1.0,1
12760763,729,商务主题套房,87.552287,43.923125,罗马广场(常州街-111号),近三工地铁站,268,268,乌鲁木齐,新市区,整套,1居1床2人,0.0,0
14148450,729,火车站.万达广场.奥特莱斯之间高层观景房,87.5259481921271,43.851072313845854,宝能城二号公寓楼(宝能城六号楼二号公寓39楼),近小西沟地铁站,372,372,乌鲁木齐,新市区,整套,1居2床1人,4.9,2
12600463,729,斑驳庄园/万达/高铁/机场/纯美式复古,87.52413361499694,43.84788022424261,万达广场(乌鲁木齐经开店)(悠悠环球港),近中营工地铁站,406,406,乌鲁木齐,新市区,整套,1居1床2人,4.8,1
9313501,729,万达里,87.52435699999994,43.84751625984658,万达广场(乌鲁木齐经开店),近中营工地铁站,278,278,乌鲁木齐,头屯河区,整套,1居1床2人,4.8,4
18406277,729,了了心•无忧,87.45883999999997,43.468339065128234,了了心客栈,,466,466,乌鲁木齐,乌鲁木齐县,整套,1居1床2人,0.0,0
13209890,729,乌鲁木齐站/高铁旁/万达广场/近机场/,87.5243497932694,43.84753628880758,万达广场(乌鲁木齐经开店)(玄武湖路999号万达广场),近中营工地铁站,270,270,乌鲁木齐,开发区,整套,1居1床2人,4.9,4
18736012,729,告白气球,87.622697,43.873984,七道湾街道 会盛巷,近小西沟地铁站,78,78,吐鲁番,水磨沟区,整套,1居1床2人,5.0,1
18736334,729,吊篮清新雅致房,87.622697,43.873984,七道湾街道 会盛巷,近小西沟地铁站,78,78,吐鲁番,水磨沟区,整套,1居1床2人,0.0,0
5968020,729,万达里•73号,87.52377349922061,43.84678343406095,乌鲁木齐万达广场,近中营工地铁站,303,303,乌鲁木齐,头屯河区,整套,1居1床2人,5.0,7
18736453,729,三十三世十里桃花,87.622697,43.873984,七道湾街道 会盛巷,近小西沟地铁站,78,78,吐鲁番,水磨沟区,整套,1居1床2人,0.0,0
18736649,729,复古经典圆床房,87.622697,43.873984,七道湾街道 会盛巷,近小西沟地铁站,78,78,吐鲁番,水磨沟区,整套,1居1床2人,0.0,0
15284200,729,优屋美宿商务套房,87.478278,43.510981,水西沟镇南南山丝路小区,,299,299,乌鲁木齐,乌鲁木齐县,整套,1居1床2人,4.0,7
15284207,729,优屋美宿阳明大床房,87.478278,43.510981,水西沟镇南南山丝路小区,,199,199,乌鲁木齐,乌鲁木齐县,整套,1居1床2人,4.7,29
15284193,729,优屋美宿山峦双床房,87.478278,43.510981,水西沟镇南南山丝路小区,,199,199,乌鲁木齐,乌鲁木齐县,整套,1居2床2人,4.8,33
20131287,729,万达广场、高铁站、机场,87.52417806266655,43.84796830553824,乌鲁木齐经开万达广场17号公寓,近中营工地铁站,258,258,乌鲁木齐,新市区,整套,1居1床2人,0.0,0
18736047,729,水墨青衫,87.622697,43.873984,七道湾街道 会盛巷,近小西沟地铁站,78,78,吐鲁番,水磨沟区,整套,1居1床2人,0.0,0
18406935,729,了了心•天意,87.45883999999997,43.468339065128234,了了心客栈,,566,566,乌鲁木齐,乌鲁木齐县,整套,1居1床2人,0.0,0
21831230,729,万达简约风情屋,87.52498499999997,43.84821013000962,乌鲁木齐约墅公寓酒店(高铁站万达广场店),近中营工地铁站,268,268,乌鲁木齐,开发区,整套,1居1床2人,0.0,0
16612604,729,宝零伍 近高铁站 近 万达广场 近机场,87.52699476964146,43.843194433961536,宝能城1号公寓楼,近中营工地铁站,245,245,乌鲁木齐,新市区,整套,1居2床2人,5.0,1
15223741,729,万达&高铁&逸安,87.52411564888675,43.84778270352204,万达广场(乌鲁木齐经开店),近中营工地铁站,360,360,乌鲁木齐,头屯河区,整套,1居1床2人,3.5,1
17460528,729,了了心•飞扬,87.45883999999997,43.468339065128234,了了心客栈,,566,566,乌鲁木齐,乌鲁木齐县,整套,1居1床2人,5.0,1
18406564,729,了了心•遇见,87.45883999999997,43.468339065128234,了了心客栈,,466,466,乌鲁木齐,乌鲁木齐县,整套,1居2床2人,0.0,0
4096857,729,K.Garden 异域风情小镇,87.63853282169264,43.79811080255676,幸福路,近北门大十字,1688,1688,广州,天山区,整套,2居2床4人,0.0,0
18807370,729,万达民宿温馨大床房,87.52462768302743,43.84703503933,玄武湖路(玄武湖路666号经开万达广场),近中营工地铁站,298,298,乌鲁木齐,开发区,整套,1居1床2人,0.0,0
12761113,729,精品大床房,87.552287,43.923125,罗马广场(常州街-111号),近三工地铁站,190,190,乌鲁木齐,新市区,整套,1居1床2人,1.0,1
22566622,729,万达广场，高铁站，机场，逸居,87.52522199999997,43.84863513006241,西山街道 玄武湖路,近中营工地铁站,302,302,乌鲁木齐,新市区,整套,1居2床4人,0.0,0
15785792,729,宝能贰柒近高铁站近万达广场近机场,87.52756094391617,43.84349881922839,宝能城,近中营工地铁站,270,270,乌鲁木齐,沙依巴克区,整套,1居1床2人,5.0,2
17473345,729,万达 欧式赫本风 木子生活,87.52411564888675,43.84777620213497,万达广场(乌鲁木齐经开店),近中营工地铁站,222,222,乌鲁木齐,沙依巴克区,整套,1居1床2人,0.0,0
15203966,729,万达&高铁&逸居,87.52434920831934,43.847535650311336,万达广场(乌鲁木齐经开店),近中营工地铁站,360,360,乌鲁木齐,头屯河区,整套,1居1床2人,0.0,0
12286156,729,万达 火车站 友好商圈,87.52411564888675,43.84777620213497,万达广场(乌鲁木齐经开店),近中营工地铁站,242,242,乌鲁木齐,沙依巴克区,整套,1居1床1人,4.5,8
15408541,729,宝能贰拾柒 近高铁 近机场 近万达广场,87.52756094391617,43.84349881922839,宝能城,近中营工地铁站,270,270,乌鲁木齐,沙依巴克区,整套,1居2床3人,0.0,0
12402944,729,万达对面宝能城精装公寓,87.52771321411133,43.84223337716181,莲湖路(2号公寓),近中营工地铁站,235,235,乌鲁木齐,沙依巴克区,整套,1居1床2人,0.0,0
10961147,729,公寓民宿,87.52474446274373,43.846976526081995,乌鲁木齐经开万达广场16号公寓(17号公寓),近中营工地铁站,290,290,乌鲁木齐,开发区,整套,1居1床2人,5.0,2
15785610,729,宝能叁拾壹近高铁站近机场近万达广场 ,87.52756094391617,43.84349881922839,宝能城,近中营工地铁站,270,270,乌鲁木齐,沙依巴克区,整套,1居2床3人,4.8,1
17473919,729,万达 中国风福禄双全 木子生活,87.52411564888675,43.84777620213497,万达广场(乌鲁木齐经开店),近中营工地铁站,272,272,乌鲁木齐,沙依巴克区,整套,1居2床4人,0.0,0
13695144,729,【斑马】万达/高铁站/机场/友好/铁路局,87.52411564888675,43.84777620213497,万达广场(乌鲁木齐经开店),近中营工地铁站,398,398,乌鲁木齐,沙依巴克区,整套,1居1床2人,0.0,0
5959795,729,闲宿公寓（乌鲁木齐站万达广场）无窗大床房,87.52187333135242,43.84577959224194,万寿山街,近中营工地铁站,132,132,乌鲁木齐,沙依巴克区,整套,1居1床2人,2.5,2
17464462,729,了了心•漫居,87.45883999999997,43.468339065128234,了了心客栈,,466,466,乌鲁木齐,乌鲁木齐县,整套,1居1床2人,0.0,0
12310495,729,万达  火车新站  友好商圈  木子家,87.52411564888675,43.84777620213497,万达广场(乌鲁木齐经开店),近中营工地铁站,222,222,乌鲁木齐,沙依巴克区,整套,1居1床2人,0.0,0
448569,729,乌鲁木齐优屋美宿南山丝路 阳明大床房,87.478278,43.510981,南旅东路,,289,289,乌鲁木齐,乌鲁木齐县,整套,1居1床2人,0.0,0
355997,729,驿路温馨大床房,87.52433124220914,43.84751614606659,乌鲁木齐万达广场(玄武湖路999号万达广场公寓),近中营工地铁站,333,333,乌鲁木齐,开发区,整套,1居1床2人,4.9,17
12286513,729,万达  火车新站 友好商圈木子生活,87.52464564913764,43.84742512617291,万达影城,近中营工地铁站,277,277,乌鲁木齐,新市区,整套,1居2床1人,5.0,3
12979107,729,万达  火车新站  友好商圈木子生活,87.52411564888675,43.84777620213497,万达广场(乌鲁木齐经开店),近中营工地铁站,230,230,乌鲁木齐,沙依巴克区,整套,1居1床1人,0.0,0
12549587,729,摩登时代,87.5228188330485,43.84594553322112,万寿山街(万达公寓),近中营工地铁站,300,300,乌鲁木齐,沙依巴克区,整套,1居1床2人,5.0,1
296958,729,高铁万达广场大床房,87.52349064147754,43.84677508791133,玄武湖路,近中营工地铁站,328,328,乌鲁木齐,头屯河区,整套,1居1床2人,4.8,18
14064093,729,宝能城精装公寓简约风,87.52780264498375,43.84225601209262,乌鲁木齐经济技术开发区街道玄武湖路667号,近中营工地铁站,398,398,乌鲁木齐,新市区,整套,1居1床2人,0.0,0
17463272,729,了了心•幽幽南山,87.45883999999997,43.468339065128234,了了心客栈,,366,366,乌鲁木齐,乌鲁木齐县,整套,1居1床2人,0.0,0
12286590,729,万达  火车新站 友好商圈木子生活家,87.52411564888675,43.84777620213497,万达广场(乌鲁木齐经开店),近中营工地铁站,242,242,乌鲁木齐,沙依巴克区,整套,1居1床1人,4.7,3
355991,729,驿路温馨大床房,87.52433124220914,43.84751614606659,乌鲁木齐万达广场(经开万达广场18号公寓),近中营工地铁站,263,263,乌鲁木齐,开发区,整套,1居1床2人,4.6,6
11814965,729,新装修好的现代简约风格，温馨舒适,87.411746,43.842682,祥云社区,,380,380,乌鲁木齐,乌鲁木齐县,整套,3居3床5人,0.0,0
5848257,729,【路客】限时长租丨『怀旧』收藏爱好者之家,87.56273583992937,43.88200518557125,北京北路3号街 西部豪庭,近体育中心地铁站,2088,2088,乌鲁木齐,新市区,整套,3居3床6人,0.0,0
17313941,729,景观标准间,87.423346,43.453158,乌鲁木齐猫窝客栈,,458,458,乌鲁木齐,乌鲁木齐县,整套,1居2床2人,0.0,0
17314011,729,商务大床房,87.423346,43.453158,乌鲁木齐猫窝客栈,,618,618,乌鲁木齐,乌鲁木齐县,整套,1居1床2人,0.0,0
17314242,729,景观榻榻米,87.423346,43.453158,乌鲁木齐猫窝客栈,,689,689,乌鲁木齐,乌鲁木齐县,整套,1居1床2人,0.0,0
545509,729,【路客】限时长租丨【舞者之家】丨近新市区,87.59444969819133,43.906251411131834,喀什东路博雅馨园,近植物园地铁站,2088,2088,乌鲁木齐,新市区,整套,3居3床6人,4.1,9
17008293,729,北京路，太原路，体育中心附近,87.54682572919634,43.888685010058296, 杭州西街,近植物园地铁站,55,55,乌鲁木齐,新市区,,3居1床1人,0.0,0
15191219,729,万达广场&高铁&飞机场&大小绿谷&逸馨,87.52482531023963,43.84791923248587, 玄武湖路(艾美乐酒店),近中营工地铁站,460,460,乌鲁木齐,沙依巴克区,整套,1居2床4人,0.0,0
17314179,729,景观亲子间,87.423346,43.453158,乌鲁木齐猫窝客栈,,618,618,乌鲁木齐,乌鲁木齐县,整套,1居2床2人,0.0,0
13010579,729,万达  高铁 友好商圈木子生活,87.52411564888675,43.84777620213497,万达广场(乌鲁木齐经开店),近中营工地铁站,230,230,乌鲁木齐,沙依巴克区,整套,1居1床1人,0.0,0
17322201,729,复式loft大床房（观雪景，喝茶水唱K）,87.423346,43.453158,乌鲁木齐猫窝客栈,,1888,1888,乌鲁木齐,乌鲁木齐县,整套,1居1床2人,0.0,0
15284193,729,优屋美宿山峦双床房,87.478278,43.510981,水西沟镇南南山丝路小区,,199,199,乌鲁木齐,乌鲁木齐县,整套,1居2床2人,4.8,33
17314242,729,景观榻榻米,87.423346,43.453158,乌鲁木齐猫窝客栈,,689,689,乌鲁木齐,乌鲁木齐县,整套,1居1床2人,0.0,0
545509,729,【路客】限时长租丨【舞者之家】丨近新市区,87.59444969819133,43.906251411131834,喀什东路博雅馨园,近植物园地铁站,2088,2088,乌鲁木齐,新市区,整套,3居3床6人,4.1,9
17008293,729,北京路，太原路，体育中心附近,87.54682572919634,43.888685010058296, 杭州西街,近植物园地铁站,55,55,乌鲁木齐,新市区,,3居1床1人,0.0,0
15191219,729,万达广场&高铁&飞机场&大小绿谷&逸馨,87.52482531023963,43.84791923248587, 玄武湖路(艾美乐酒店),近中营工地铁站,460,460,乌鲁木齐,沙依巴克区,整套,1居2床4人,0.0,0
17314179,729,景观亲子间,87.423346,43.453158,乌鲁木齐猫窝客栈,,618,618,乌鲁木齐,乌鲁木齐县,整套,1居2床2人,0.0,0
13010579,729,万达  高铁 友好商圈木子生活,87.52411564888675,43.84777620213497,万达广场(乌鲁木齐经开店),近中营工地铁站,230,230,乌鲁木齐,沙依巴克区,整套,1居1床1人,0.0,0
17322201,729,复式loft大床房（观雪景，喝茶水唱K）,87.423346,43.453158,乌鲁木齐猫窝客栈,,1888,1888,乌鲁木齐,乌鲁木齐县,整套,1居1床2人,0.0,0
17312394,729,商务标间,87.423346,43.453158,乌鲁木齐猫窝客栈,,418,418,乌鲁木齐,乌鲁木齐县,整套,1居2床2人,0.0,0
15192080,729,万达广场&高铁&飞机场&大小绿谷&逸趣,87.52500497134163,43.848289809515556, 玄武湖路(16号公寓),近中营工地铁站,460,460,乌鲁木齐,沙依巴克区,整套,1居2床4人,4.5,1
356001,729,驿路温馨大床房,87.52462768302743,43.84703503933,玄武湖路(玄武湖路999号经开万达广场),近中营工地铁站,303,303,乌鲁木齐,开发区,整套,1居1床2人,4.5,3
10268532,729,大床房2,87.430505,43.477754,南山晨琳度假庄园,,362,362,乌鲁木齐,乌鲁木齐县,整套,1居1床2人,0.0,0
10268658,729,标准间,87.430505,43.477754,南山晨琳度假庄园,,362,362,乌鲁木齐,乌鲁木齐县,整套,1居2床2人,0.0,0
10268483,729,大床房,87.430505,43.477754,南山晨琳度假庄园,,362,362,乌鲁木齐,乌鲁木齐县,整套,1居1床2人,0.0,0
18682245,729,双床标房,87.491039,43.864749,海鸿国际大厦,近大地窝堡地铁站,898,898,乌鲁木齐,新市区,整套,1居2床2人,0.0,0
10268728,729,标准间2 ,87.430505,43.477754,南山晨琳度假庄园,,362,362,乌鲁木齐,乌鲁木齐县,整套,1居2床2人,0.0,0
10268588,729,大床房3,87.430505,43.477754,南山晨琳度假庄园,,362,362,乌鲁木齐,乌鲁木齐县,整套,1居1床2人,0.0,0
5942190,729,【路客】限时长租丨『可可私厨』万达广场,87.52403216062235,43.846824478503315,开发区 凤凰山街万达广场,近中营工地铁站,733,733,乌鲁木齐,开发区,整套,1居2床4人,0.0,0
17650641,729,❤山景标准间,87.33159979504337,43.51570242374692,南山雅集(板房沟中梁村七队),,698,698,乌鲁木齐,乌鲁木齐县,整套,1居2床2人,0.0,0
17650935,729,❤山景大床房,87.33159979504337,43.51570242374692,南山雅集(板房沟中梁村七队),,698,698,乌鲁木齐,乌鲁木齐县,整套,1居1床2人,0.0,0
10269043,729,榻榻米2,87.430505,43.477754,南山晨琳度假庄园,,832,832,乌鲁木齐,乌鲁木齐县,整套,1居1床2人,0.0,0
10268959,729,榻榻米,87.430505,43.477754,南山晨琳度假庄园,,832,832,乌鲁木齐,乌鲁木齐县,整套,1居1床2人,0.0,0
17650998,729,❤榻榻米 休闲家庭房,87.33159979504337,43.51570242374692,南山雅集(板房沟中梁村七队),,898,898,乌鲁木齐,乌鲁木齐县,整套,1居1床5人,0.0,0
13126954,729,温馨小窝,87.52831297465761,43.89258615320958, 玄武湖路(万达广场公寓楼),近植物园地铁站,361,361,乌鲁木齐,开发区,整套,1居1床2人,0.0,0
13127815,729,温馨小窝2,87.52500621594686,43.84821112485942, 玄武湖路(万达广场),近中营工地铁站,360,360,乌鲁木齐,沙依巴克区,整套,1居1床2人,0.0,0
13128263,729,温馨小窝3,87.52458174529443,43.84749530553897, 玄武湖路(万达广场),近中营工地铁站,305,305,乌鲁木齐,沙依巴克区,整套,1居1床2人,0.0,0
13131679,729,温馨小窝4,87.52458174529443,43.84749530553897, 玄武湖路(万达广场),近中营工地铁站,305,305,乌鲁木齐,沙依巴克区,整套,1居1床2人,5.0,1
13131826,729,温馨小窝5,87.52458174529443,43.84749530553897, 玄武湖路(万达广场),近中营工地铁站,305,305,乌鲁木齐,沙依巴克区,整套,1居1床2人,0.0,0
13131973,729,温馨小窝6,87.52458174529443,43.84749530553897, 玄武湖路(万达广场),近中营工地铁站,360,360,乌鲁木齐,沙依巴克区,整套,1居1床2人,0.0,0
13132372,729,温馨小窝8,87.52458174529443,43.84749530553897, 玄武湖路(万达广场),近中营工地铁站,360,360,乌鲁木齐,沙依巴克区,整套,1居1床2人,0.0,0
13132442,729,温馨小窝9,87.52458174529443,43.84749530553897, 玄武湖路(万达广场),近中营工地铁站,360,360,乌鲁木齐,沙依巴克区,整套,1居1床2人,0.0,0
15434224,729,万达广场大床公寓机场高铁附近,87.52411564888675,43.84777620213497,万达广场(乌鲁木齐经开店),近中营工地铁站,258,258,乌鲁木齐,开发区,整套,1居1床2人,5.0,1
17019885,729,高端电竞公寓民宿五人开黑套吃鸡豪华房,87.5241199999999,43.84778138986884,万达广场(乌鲁木齐经开店),近中营工地铁站,509,509,乌鲁木齐,头屯河区,整套,1居3床5人,0.0,0
20057591,729,经开万达 2-3人间高端电竞主题民宿,87.5241199999999,43.84778138986884,万达广场(乌鲁木齐经开店),近中营工地铁站,375,375,乌鲁木齐,头屯河区,整套,1居2床4人,0.0,0
17085699,729,医学院M座温馨亲子房,87.580768239006,43.862220360926,昆明路,近小西沟地铁站,648,648,乌鲁木齐,新市区,整套,1居2床2人,0.0,0
17073652,729,医学院D座经典标准间,87.580768239006,43.862220360926,昆明路,近小西沟地铁站,388,388,乌鲁木齐,新市区,整套,1居2床2人,0.0,0
7389076,729,友好路商业区双床房,87.597587219473,43.827248276075,友好北路,近八楼地铁站,138,138,乌鲁木齐,沙依巴克区,整套,1居2床2人,0.0,0
17085790,729,医学院A座豪华观景双床房,87.580768239006,43.862220360926,昆明路,近小西沟地铁站,762,762,乌鲁木齐,新市区,整套,1居2床2人,0.0,0
17073701,729,医学院精品单人间,87.580768239006,43.862220360926,昆明路,近小西沟地铁站,245,245,乌鲁木齐,新市区,整套,1居1床1人,0.0,0
13326006,729,友好路商业区两室一厅一卫房,87.597587219473,43.827248276075,友好北路,近八楼地铁站,268,268,乌鲁木齐,沙依巴克区,整套,2居1床4人,0.0,0
17091047,729,医学院A座行政套房,87.580768239006,43.862220360926,昆明路,近小西沟地铁站,983,983,乌鲁木齐,新市区,整套,1居1床2人,0.0,0
12617697,729,乌鲁木齐南山晨琳度假庄园榻榻米毡房,87.426476,43.478347,乌鲁木齐市乌鲁木齐县南江路（板水大桥南500米）,,0,0,乌鲁木齐,乌鲁木齐县,整套,1居10床10人,2.0,1
13455296,729,榻榻米一室榻榻米房,87.426476,43.478347,乌鲁木齐市乌鲁木齐县南江路（板水大桥南,,0,0,乌鲁木齐,乌鲁木齐县,整套,1居1床2人,0.0,0
